,FECHA,FESTIVIDAD,DIA_SEMANA,DIA_QUINCENA
0,2020-09-01,NO FESTIVO,Martes,0
1,2020-09-02,NO FESTIVO,Miércoles,0
2,2020-09-03,NO FESTIVO,Jueves,0
3,2020-09-04,NO FESTIVO,Viernes,0
4,2020-09-05,NO FESTIVO,Sábado,0
5,2020-09-06,NO FESTIVO,Domingo,0
6,2020-09-07,NO FESTIVO,Lunes,0
7,2020-09-08,NO FESTIVO,Martes,0
8,2020-09-09,NO FESTIVO,Miércoles,0
9,2020-09-10,NO FESTIVO,Jueves,0
10,2020-09-11,NO FESTIVO,Viernes,0
11,2020-09-12,NO FESTIVO,Sábado,0
12,2020-09-13,NO FESTIVO,Domingo,0
13,2020-09-14,NO FESTIVO,Lunes,0
14,2020-09-15,NO FESTIVO,Martes,1
15,2020-09-16,NO FESTIVO,Miércoles,0
16,2020-09-17,NO FESTIVO,Jueves,0
17,2020-09-18,NO FESTIVO,Viernes,0
18,2020-09-19,NO FESTIVO,Sábado,0
19,2020-09-20,NO FESTIVO,Domingo,0
20,2020-09-21,NO FESTIVO,Lunes,0
21,2020-09-22,NO FESTIVO,Martes,0
22,2020-09-23,NO FESTIVO,Miércoles,0
23,2020-09-24,NO FESTIVO,Jueves,0
24,2020-09-25,NO FESTIVO,Viernes,0
25,2020-09-26,NO FESTIVO,Sábado,0
26,2020-09-27,NO FESTIVO,Domingo,0
27,2020-09-28,NO FESTIVO,Lunes,0
28,2020-09-29,NO FESTIVO,Martes,0
29,2020-09-30,NO FESTIVO,Miércoles,1
30,2020-10-01,NO FESTIVO,Jueves,0
31,2020-10-02,NO FESTIVO,Viernes,0
32,2020-10-03,NO FESTIVO,Sábado,0
33,2020-10-04,NO FESTIVO,Domingo,0
34,2020-10-05,NO FESTIVO,Lunes,0
35,2020-10-06,NO FESTIVO,Martes,0
36,2020-10-07,NO FESTIVO,Miércoles,0
37,2020-10-08,NO FESTIVO,Jueves,0
38,2020-10-09,NO FESTIVO,Viernes,0
39,2020-10-10,NO FESTIVO,Sábado,0
40,2020-10-11,NO FESTIVO,Domingo,0
41,2020-10-12,FESTIVO,Lunes,0
42,2020-10-13,NO FESTIVO,Martes,0
43,2020-10-14,NO FESTIVO,Miércoles,0
44,2020-10-15,NO FESTIVO,Jueves,1
45,2020-10-16,NO FESTIVO,Viernes,0
46,2020-10-17,NO FESTIVO,Sábado,0
47,2020-10-18,NO FESTIVO,Domingo,0
48,2020-10-19,NO FESTIVO,Lunes,0
49,2020-10-20,NO FESTIVO,Martes,0
50,2020-10-21,NO FESTIVO,Miércoles,0
51,2020-10-22,NO FESTIVO,Jueves,0
52,2020-10-23,NO FESTIVO,Viernes,0
53,2020-10-24,NO FESTIVO,Sábado,0
54,2020-10-25,NO FESTIVO,Domingo,0
55,2020-10-26,NO FESTIVO,Lunes,0
56,2020-10-27,NO FESTIVO,Martes,0
57,2020-10-28,NO FESTIVO,Miércoles,0
58,2020-10-29,NO FESTIVO,Jueves,0
59,2020-10-30,NO FESTIVO,Viernes,1
60,2020-10-31,BRUJAS,Sábado,1
61,2020-11-01,NO FESTIVO,Domingo,0
62,2020-11-02,FESTIVO,Lunes,0
63,2020-11-03,NO FESTIVO,Martes,0
64,2020-11-04,NO FESTIVO,Miércoles,0
65,2020-11-05,NO FESTIVO,Jueves,0
66,2020-11-06,NO FESTIVO,Viernes,0
67,2020-11-07,NO FESTIVO,Sábado,0
68,2020-11-08,NO FESTIVO,Domingo,0
69,2020-11-09,NO FESTIVO,Lunes,0
70,2020-11-10,NO FESTIVO,Martes,0
71,2020-11-11,NO FESTIVO,Miércoles,0
72,2020-11-12,NO FESTIVO,Jueves,0
73,2020-11-13,NO FESTIVO,Viernes,0
74,2020-11-14,NO FESTIVO,Sábado,0
75,2020-11-15,NO FESTIVO,Domingo,1
76,2020-11-16,FESTIVO,Lunes,0
77,2020-11-17,NO FESTIVO,Martes,0
78,2020-11-18,NO FESTIVO,Miércoles,0
79,2020-11-19,NO FESTIVO,Jueves,0
80,2020-11-20,NO FESTIVO,Viernes,0
81,2020-11-21,NO FESTIVO,Sábado,0
82,2020-11-22,NO FESTIVO,Domingo,0
83,2020-11-23,NO FESTIVO,Lunes,0
84,2020-11-24,NO FESTIVO,Martes,0
85,2020-11-25,NO FESTIVO,Miércoles,0
86,2020-11-26,NO FESTIVO,Jueves,0
87,2020-11-27,NO FESTIVO,Viernes,0
88,2020-11-28,NO FESTIVO,Sábado,0
89,2020-11-29,NO FESTIVO,Domingo,0
90,2020-11-30,NO FESTIVO,Lunes,1
91,2020-12-01,NO FESTIVO,Martes,0
92,2020-12-02,NO FESTIVO,Miércoles,0
93,2020-12-03,NO FESTIVO,Jueves,0
94,2020-12-04,NO FESTIVO,Viernes,0
95,2020-12-05,NO FESTIVO,Sábado,0
96,2020-12-06,NO FESTIVO,Domingo,0
97,2020-12-07,NO FESTIVO,Lunes,0
98,2020-12-08,FESTIVO,Martes,0
99,2020-12-09,NO FESTIVO,Miércoles,0
100,2020-12-10,NO FESTIVO,Jueves,0
101,2020-12-11,NO FESTIVO,Viernes,0
102,2020-12-12,NO FESTIVO,Sábado,0
103,2020-12-13,NO FESTIVO,Domingo,0
104,2020-12-14,NO FESTIVO,Lunes,0
105,2020-12-15,NO FESTIVO,Martes,1
106,2020-12-16,NO FESTIVO,Miércoles,0
107,2020-12-17,NO FESTIVO,Jueves,0
108,2020-12-18,NO FESTIVO,Viernes,0
109,2020-12-19,NO FESTIVO,Sábado,0
110,2020-12-20,NO FESTIVO,Domingo,0
111,2020-12-21,NO FESTIVO,Lunes,0
112,2020-12-22,NO FESTIVO,Martes,0
113,2020-12-23,NO FESTIVO,Miércoles,0
114,2020-12-24,NAVIDAD,Jueves,0
115,2020-12-24,NAVIDAD,Jueves,0
116,2020-12-25,NO FESTIVO,Viernes,0
117,2020-12-26,NO FESTIVO,Sábado,0
118,2020-12-27,NO FESTIVO,Domingo,0
119,2020-12-28,NO FESTIVO,Lunes,0
120,2020-12-29,NO FESTIVO,Martes,0
121,2020-12-30,NO FESTIVO,Miércoles,1
122,2020-12-31,NAVIDAD,Jueves,1
123,2021-01-01,A_NUEVO,Viernes,0
124,2021-01-02,NO FESTIVO,Sábado,0
125,2021-01-03,NO FESTIVO,Domingo,0
126,2021-01-04,NO FESTIVO,Lunes,0
127,2021-01-05,NO FESTIVO,Martes,0
128,2021-01-06,NO FESTIVO,Miércoles,0
129,2021-01-07,NO FESTIVO,Jueves,0
130,2021-01-08,NO FESTIVO,Viernes,0
131,2021-01-09,NO FESTIVO,Sábado,0
132,2021-01-10,NO FESTIVO,Domingo,0
133,2021-01-11,FESTIVO,Lunes,0
134,2021-01-12,NO FESTIVO,Martes,0
135,2021-01-13,NO FESTIVO,Miércoles,0
136,2021-01-14,NO FESTIVO,Jueves,0
137,2021-01-15,NO FESTIVO,Viernes,1
138,2021-01-16,NO FESTIVO,Sábado,0
139,2021-01-17,NO FESTIVO,Domingo,0
140,2021-01-18,NO FESTIVO,Lunes,0
141,2021-01-19,NO FESTIVO,Martes,0
142,2021-01-20,NO FESTIVO,Miércoles,0
143,2021-01-21,NO FESTIVO,Jueves,0
144,2021-01-22,NO FESTIVO,Viernes,0
145,2021-01-23,NO FESTIVO,Sábado,0
146,2021-01-24,NO FESTIVO,Domingo,0
147,2021-01-25,NO FESTIVO,Lunes,0
148,2021-01-26,NO FESTIVO,Martes,0
149,2021-01-27,NO FESTIVO,Miércoles,0
150,2021-01-28,NO FESTIVO,Jueves,0
151,2021-01-29,NO FESTIVO,Viernes,0
152,2021-01-30,NO FESTIVO,Sábado,1
153,2021-01-31,NO FESTIVO,Domingo,1
154,2021-02-01,NO FESTIVO,Lunes,0
155,2021-02-02,NO FESTIVO,Martes,0
156,2021-02-03,NO FESTIVO,Miércoles,0
157,2021-02-04,NO FESTIVO,Jueves,0
158,2021-02-05,NO FESTIVO,Viernes,0
159,2021-02-06,NO FESTIVO,Sábado,0
160,2021-02-07,NO FESTIVO,Domingo,0
161,2021-02-08,NO FESTIVO,Lunes,0
162,2021-02-09,NO FESTIVO,Martes,0
163,2021-02-10,NO FESTIVO,Miércoles,0
164,2021-02-11,NO FESTIVO,Jueves,0
165,2021-02-12,NO FESTIVO,Viernes,0
166,2021-02-13,NO FESTIVO,Sábado,0
167,2021-02-14,NO FESTIVO,Domingo,0
168,2021-02-15,NO FESTIVO,Lunes,1
169,2021-02-16,NO FESTIVO,Martes,0
170,2021-02-17,NO FESTIVO,Miércoles,0
171,2021-02-18,NO FESTIVO,Jueves,0
172,2021-02-19,NO FESTIVO,Viernes,0
173,2021-02-20,NO FESTIVO,Sábado,0
174,2021-02-21,NO FESTIVO,Domingo,0
175,2021-02-22,NO FESTIVO,Lunes,0
176,2021-02-23,NO FESTIVO,Martes,0
177,2021-02-24,NO FESTIVO,Miércoles,0
178,2021-02-25,NO FESTIVO,Jueves,0
179,2021-02-26,NO FESTIVO,Viernes,0
180,2021-02-27,NO FESTIVO,Sábado,0
181,2021-02-28,NO FESTIVO,Domingo,0
182,2021-03-01,NO FESTIVO,Lunes,0
183,2021-03-02,NO FESTIVO,Martes,0
184,2021-03-03,NO FESTIVO,Miércoles,0
185,2021-03-04,NO FESTIVO,Jueves,0
186,2021-03-05,NO FESTIVO,Viernes,0
187,2021-03-06,NO FESTIVO,Sábado,0
188,2021-03-07,NO FESTIVO,Domingo,0
189,2021-03-08,NO FESTIVO,Lunes,0
190,2021-03-09,NO FESTIVO,Martes,0
191,2021-03-10,NO FESTIVO,Miércoles,0
192,2021-03-11,NO FESTIVO,Jueves,0
193,2021-03-12,NO FESTIVO,Viernes,0
194,2021-03-13,NO FESTIVO,Sábado,0
195,2021-03-14,NO FESTIVO,Domingo,0
196,2021-03-15,NO FESTIVO,Lunes,1
197,2021-03-16,NO FESTIVO,Martes,0
198,2021-03-17,NO FESTIVO,Miércoles,0
199,2021-03-18,NO FESTIVO,Jueves,0
200,2021-03-19,NO FESTIVO,Viernes,0
201,2021-03-20,NO FESTIVO,Sábado,0
202,2021-03-21,NO FESTIVO,Domingo,0
203,2021-03-22,FESTIVO,Lunes,0
204,2021-03-23,NO FESTIVO,Martes,0
205,2021-03-24,NO FESTIVO,Miércoles,0
206,2021-03-25,NO FESTIVO,Jueves,0
207,2021-03-26,NO FESTIVO,Viernes,0
208,2021-03-27,NO FESTIVO,Sábado,0
209,2021-03-28,SEM_SANTA,Domingo,0
210,2021-03-29,SEM_SANTA,Lunes,0
211,2021-03-30,SEM_SANTA,Martes,1
212,2021-03-31,SEM_SANTA,Miércoles,1
213,2021-04-01,SEM_SANTA,Jueves,0
214,2021-04-02,SEM_SANTA,Viernes,0
215,2021-04-03,SEM_SANTA,Sábado,0
216,2021-04-04,SEM_SANTA,Domingo,0
217,2021-04-05,NO FESTIVO,Lunes,0
218,2021-04-06,NO FESTIVO,Martes,0
219,2021-04-07,NO FESTIVO,Miércoles,0
220,2021-04-08,NO FESTIVO,Jueves,0
221,2021-04-09,NO FESTIVO,Viernes,0
222,2021-04-10,NO FESTIVO,Sábado,0
223,2021-04-11,NO FESTIVO,Domingo,0
224,2021-04-12,NO FESTIVO,Lunes,0
225,2021-04-13,NO FESTIVO,Martes,0
226,2021-04-14,NO FESTIVO,Miércoles,0
227,2021-04-15,NO FESTIVO,Jueves,1
228,2021-04-16,NO FESTIVO,Viernes,0
229,2021-04-17,NO FESTIVO,Sábado,0
230,2021-04-18,NO FESTIVO,Domingo,0
231,2021-04-19,NO FESTIVO,Lunes,0
232,2021-04-20,NO FESTIVO,Martes,0
233,2021-04-21,NO FESTIVO,Miércoles,0
234,2021-04-22,NO FESTIVO,Jueves,0
235,2021-04-23,NO FESTIVO,Viernes,0
236,2021-04-24,NO FESTIVO,Sábado,0
237,2021-04-25,NO FESTIVO,Domingo,0
238,2021-04-26,NO FESTIVO,Lunes,0
239,2021-04-27,NO FESTIVO,Martes,0
240,2021-04-28,NO FESTIVO,Miércoles,0
241,2021-04-29,NO FESTIVO,Jueves,0
242,2021-04-30,NO FESTIVO,Viernes,1
243,2021-05-01,FESTIVO,Sábado,0
244,2021-05-02,NO FESTIVO,Domingo,0
245,2021-05-03,NO FESTIVO,Lunes,0
246,2021-05-04,NO FESTIVO,Martes,0
247,2021-05-05,NO FESTIVO,Miércoles,0
248,2021-05-06,NO FESTIVO,Jueves,0
249,2021-05-07,NO FESTIVO,Viernes,0
250,2021-05-08,NO FESTIVO,Sábado,0
251,2021-05-09,MADRES,Domingo,0
252,2021-05-10,NO FESTIVO,Lunes,0
253,2021-05-11,NO FESTIVO,Martes,0
254,2021-05-12,NO FESTIVO,Miércoles,0
255,2021-05-13,NO FESTIVO,Jueves,0
256,2021-05-14,NO FESTIVO,Viernes,0
257,2021-05-15,NO FESTIVO,Sábado,1
258,2021-05-16,NO FESTIVO,Domingo,0
259,2021-05-17,FESTIVO,Lunes,0
260,2021-05-18,NO FESTIVO,Martes,0
261,2021-05-19,NO FESTIVO,Miércoles,0
262,2021-05-20,NO FESTIVO,Jueves,0
263,2021-05-21,NO FESTIVO,Viernes,0
264,2021-05-22,NO FESTIVO,Sábado,0
265,2021-05-23,NO FESTIVO,Domingo,0
266,2021-05-24,NO FESTIVO,Lunes,0
267,2021-05-25,NO FESTIVO,Martes,0
268,2021-05-26,NO FESTIVO,Miércoles,0
269,2021-05-27,NO FESTIVO,Jueves,0
270,2021-05-28,NO FESTIVO,Viernes,0
271,2021-05-29,NO FESTIVO,Sábado,0
272,2021-05-30,NO FESTIVO,Domingo,1
273,2021-05-31,NO FESTIVO,Lunes,1
274,2021-06-01,NO FESTIVO,Martes,0
275,2021-06-02,NO FESTIVO,Miércoles,0
276,2021-06-03,NO FESTIVO,Jueves,0
277,2021-06-04,NO FESTIVO,Viernes,0
278,2021-06-05,NO FESTIVO,Sábado,0
279,2021-06-06,NO FESTIVO,Domingo,0
280,2021-06-07,FESTIVO,Lunes,0
281,2021-06-08,NO FESTIVO,Martes,0
282,2021-06-09,NO FESTIVO,Miércoles,0
283,2021-06-10,NO FESTIVO,Jueves,0
284,2021-06-11,NO FESTIVO,Viernes,0
285,2021-06-12,NO FESTIVO,Sábado,0
286,2021-06-13,NO FESTIVO,Domingo,0
287,2021-06-14,FESTIVO,Lunes,0
288,2021-06-15,NO FESTIVO,Martes,1
289,2021-06-16,NO FESTIVO,Miércoles,0
290,2021-06-17,NO FESTIVO,Jueves,0
291,2021-06-18,NO FESTIVO,Viernes,0
292,2021-06-19,NO FESTIVO,Sábado,0
293,2021-06-20,NO FESTIVO,Domingo,0
294,2021-06-21,NO FESTIVO,Lunes,0
295,2021-06-22,NO FESTIVO,Martes,0
296,2021-06-23,NO FESTIVO,Miércoles,0
297,2021-06-24,NO FESTIVO,Jueves,0
298,2021-06-25,NO FESTIVO,Viernes,0
299,2021-06-26,NO FESTIVO,Sábado,0
300,2021-06-27,NO FESTIVO,Domingo,0
301,2021-06-28,NO FESTIVO,Lunes,0
302,2021-06-29,NO FESTIVO,Martes,0
303,2021-06-30,NO FESTIVO,Miércoles,1
304,2021-07-01,NO FESTIVO,Jueves,0
305,2021-07-02,NO FESTIVO,Viernes,0
306,2021-07-03,NO FESTIVO,Sábado,0
307,2021-07-04,NO FESTIVO,Domingo,0
308,2021-07-05,FESTIVO,Lunes,0
309,2021-07-06,NO FESTIVO,Martes,0
310,2021-07-07,NO FESTIVO,Miércoles,0
311,2021-07-08,NO FESTIVO,Jueves,0
312,2021-07-09,NO FESTIVO,Viernes,0
313,2021-07-10,NO FESTIVO,Sábado,0
314,2021-07-11,NO FESTIVO,Domingo,0
315,2021-07-12,NO FESTIVO,Lunes,0
316,2021-07-13,NO FESTIVO,Martes,0
317,2021-07-14,NO FESTIVO,Miércoles,0
318,2021-07-15,NO FESTIVO,Jueves,1
319,2021-07-16,NO FESTIVO,Viernes,0
320,2021-07-17,NO FESTIVO,Sábado,0
321,2021-07-18,NO FESTIVO,Domingo,0
322,2021-07-19,NO FESTIVO,Lunes,0
323,2021-07-20,FESTIVO,Martes,0
324,2021-07-21,NO FESTIVO,Miércoles,0
325,2021-07-22,NO FESTIVO,Jueves,0
326,2021-07-23,NO FESTIVO,Viernes,0
327,2021-07-24,NO FESTIVO,Sábado,0
328,2021-07-25,NO FESTIVO,Domingo,0
329,2021-07-26,NO FESTIVO,Lunes,0
330,2021-07-27,NO FESTIVO,Martes,0
331,2021-07-28,NO FESTIVO,Miércoles,0
332,2021-07-29,NO FESTIVO,Jueves,0
333,2021-07-30,NO FESTIVO,Viernes,1
334,2021-07-31,NO FESTIVO,Sábado,1
335,2021-08-01,NO FESTIVO,Domingo,0
336,2021-08-02,NO FESTIVO,Lunes,0
337,2021-08-03,NO FESTIVO,Martes,0
338,2021-08-04,NO FESTIVO,Miércoles,0
339,2021-08-05,NO FESTIVO,Jueves,0
340,2021-08-06,NO FESTIVO,Viernes,0
341,2021-08-07,FESTIVO,Sábado,0
342,2021-08-08,NO FESTIVO,Domingo,0
343,2021-08-09,NO FESTIVO,Lunes,0
344,2021-08-10,NO FESTIVO,Martes,0
345,2021-08-11,NO FESTIVO,Miércoles,0
346,2021-08-12,NO FESTIVO,Jueves,0
347,2021-08-13,NO FESTIVO,Viernes,0
348,2021-08-14,NO FESTIVO,Sábado,0
349,2021-08-15,NO FESTIVO,Domingo,1
350,2021-08-16,FESTIVO,Lunes,0
351,2021-08-17,NO FESTIVO,Martes,0
352,2021-08-18,NO FESTIVO,Miércoles,0
353,2021-08-19,NO FESTIVO,Jueves,0
354,2021-08-20,NO FESTIVO,Viernes,0
355,2021-08-21,NO FESTIVO,Sábado,0
356,2021-08-22,NO FESTIVO,Domingo,0
357,2021-08-23,NO FESTIVO,Lunes,0
358,2021-08-24,NO FESTIVO,Martes,0
359,2021-08-25,NO FESTIVO,Miércoles,0
360,2021-08-26,NO FESTIVO,Jueves,0
361,2021-08-27,NO FESTIVO,Viernes,0
362,2021-08-28,NO FESTIVO,Sábado,0
363,2021-08-29,NO FESTIVO,Domingo,0
364,2021-08-30,NO FESTIVO,Lunes,1
365,2021-08-31,NO FESTIVO,Martes,1
366,2021-09-01,NO FESTIVO,Miércoles,0
367,2021-09-02,NO FESTIVO,Jueves,0
368,2021-09-03,NO FESTIVO,Viernes,0
369,2021-09-04,NO FESTIVO,Sábado,0
370,2021-09-05,NO FESTIVO,Domingo,0
371,2021-09-06,NO FESTIVO,Lunes,0
372,2021-09-07,NO FESTIVO,Martes,0
373,2021-09-08,NO FESTIVO,Miércoles,0
374,2021-09-09,NO FESTIVO,Jueves,0
375,2021-09-10,NO FESTIVO,Viernes,0
376,2021-09-11,NO FESTIVO,Sábado,0
377,2021-09-12,NO FESTIVO,Domingo,0
378,2021-09-13,NO FESTIVO,Lunes,0
379,2021-09-14,NO FESTIVO,Martes,0
380,2021-09-15,NO FESTIVO,Miércoles,1
381,2021-09-16,NO FESTIVO,Jueves,0
382,2021-09-17,NO FESTIVO,Viernes,0
383,2021-09-18,NO FESTIVO,Sábado,0
384,2021-09-19,NO FESTIVO,Domingo,0
385,2021-09-20,NO FESTIVO,Lunes,0
386,2021-09-21,NO FESTIVO,Martes,0
387,2021-09-22,NO FESTIVO,Miércoles,0
388,2021-09-23,NO FESTIVO,Jueves,0
389,2021-09-24,NO FESTIVO,Viernes,0
390,2021-09-25,NO FESTIVO,Sábado,0
391,2021-09-26,NO FESTIVO,Domingo,0
392,2021-09-27,NO FESTIVO,Lunes,0
393,2021-09-28,NO FESTIVO,Martes,0
394,2021-09-29,NO FESTIVO,Miércoles,0
395,2021-09-30,NO FESTIVO,Jueves,1
396,2021-10-01,NO FESTIVO,Viernes,0
397,2021-10-02,NO FESTIVO,Sábado,0
398,2021-10-03,NO FESTIVO,Domingo,0
399,2021-10-04,NO FESTIVO,Lunes,0
400,2021-10-05,NO FESTIVO,Martes,0
401,2021-10-06,NO FESTIVO,Miércoles,0
402,2021-10-07,NO FESTIVO,Jueves,0
403,2021-10-08,NO FESTIVO,Viernes,0
404,2021-10-09,NO FESTIVO,Sábado,0
405,2021-10-10,NO FESTIVO,Domingo,0
406,2021-10-11,NO FESTIVO,Lunes,0
407,2021-10-12,NO FESTIVO,Martes,0
408,2021-10-13,NO FESTIVO,Miércoles,0
409,2021-10-14,NO FESTIVO,Jueves,0
410,2021-10-15,NO FESTIVO,Viernes,1
411,2021-10-16,NO FESTIVO,Sábado,0
412,2021-10-17,NO FESTIVO,Domingo,0
413,2021-10-18,FESTIVO,Lunes,0
414,2021-10-19,NO FESTIVO,Martes,0
415,2021-10-20,NO FESTIVO,Miércoles,0
416,2021-10-21,NO FESTIVO,Jueves,0
417,2021-10-22,NO FESTIVO,Viernes,0
418,2021-10-23,NO FESTIVO,Sábado,0
419,2021-10-24,NO FESTIVO,Domingo,0
420,2021-10-25,NO FESTIVO,Lunes,0
421,2021-10-26,NO FESTIVO,Martes,0
422,2021-10-27,NO FESTIVO,Miércoles,0
423,2021-10-28,NO FESTIVO,Jueves,0
424,2021-10-29,NO FESTIVO,Viernes,0
425,2021-10-30,NO FESTIVO,Sábado,1
426,2021-10-31,BRUJAS,Domingo,1
427,2021-11-01,FESTIVO,Lunes,0
428,2021-11-02,NO FESTIVO,Martes,0
429,2021-11-03,NO FESTIVO,Miércoles,0
430,2021-11-04,NO FESTIVO,Jueves,0
431,2021-11-05,NO FESTIVO,Viernes,0
432,2021-11-06,NO FESTIVO,Sábado,0
433,2021-11-07,NO FESTIVO,Domingo,0
434,2021-11-08,NO FESTIVO,Lunes,0
435,2021-11-09,NO FESTIVO,Martes,0
436,2021-11-10,NO FESTIVO,Miércoles,0
437,2021-11-11,NO FESTIVO,Jueves,0
438,2021-11-12,NO FESTIVO,Viernes,0
439,2021-11-13,NO FESTIVO,Sábado,0
440,2021-11-14,NO FESTIVO,Domingo,0
441,2021-11-15,FESTIVO,Lunes,1
442,2021-11-16,NO FESTIVO,Martes,0
443,2021-11-17,NO FESTIVO,Miércoles,0
444,2021-11-18,NO FESTIVO,Jueves,0
445,2021-11-19,NO FESTIVO,Viernes,0
446,2021-11-20,NO FESTIVO,Sábado,0
447,2021-11-21,NO FESTIVO,Domingo,0
448,2021-11-22,NO FESTIVO,Lunes,0
449,2021-11-23,NO FESTIVO,Martes,0
450,2021-11-24,NO FESTIVO,Miércoles,0
451,2021-11-25,NO FESTIVO,Jueves,0
452,2021-11-26,NO FESTIVO,Viernes,0
453,2021-11-27,NO FESTIVO,Sábado,0
454,2021-11-28,NO FESTIVO,Domingo,0
455,2021-11-29,NO FESTIVO,Lunes,0
456,2021-11-30,NO FESTIVO,Martes,1
457,2021-12-01,NO FESTIVO,Miércoles,0
458,2021-12-02,NO FESTIVO,Jueves,0
459,2021-12-03,NO FESTIVO,Viernes,0
460,2021-12-04,NO FESTIVO,Sábado,0
461,2021-12-05,NO FESTIVO,Domingo,0
462,2021-12-06,NO FESTIVO,Lunes,0
463,2021-12-07,NO FESTIVO,Martes,0
464,2021-12-08,FESTIVO,Miércoles,0
465,2021-12-09,NO FESTIVO,Jueves,0
466,2021-12-10,NO FESTIVO,Viernes,0
467,2021-12-11,NO FESTIVO,Sábado,0
468,2021-12-12,NO FESTIVO,Domingo,0
469,2021-12-13,NO FESTIVO,Lunes,0
470,2021-12-14,NO FESTIVO,Martes,0
471,2021-12-15,NO FESTIVO,Miércoles,1
472,2021-12-16,NO FESTIVO,Jueves,0
473,2021-12-17,NO FESTIVO,Viernes,0
474,2021-12-18,NO FESTIVO,Sábado,0
475,2021-12-19,NO FESTIVO,Domingo,0
476,2021-12-20,NO FESTIVO,Lunes,0
477,2021-12-21,NO FESTIVO,Martes,0
478,2021-12-22,NO FESTIVO,Miércoles,0
479,2021-12-23,NO FESTIVO,Jueves,0
480,2021-12-24,NAVIDAD,Viernes,0
481,2021-12-25,NAVIDAD,Sábado,0
482,2021-12-26,NO FESTIVO,Domingo,0
483,2021-12-27,NO FESTIVO,Lunes,0
484,2021-12-28,NO FESTIVO,Martes,0
485,2021-12-29,NO FESTIVO,Miércoles,0
486,2021-12-30,NO FESTIVO,Jueves,1
487,2021-12-31,NAVIDAD,Viernes,1
488,2022-01-01,A_NUEVO,Sábado,0
489,2022-01-02,NO FESTIVO,Domingo,0
490,2022-01-03,NO FESTIVO,Lunes,0
491,2022-01-04,NO FESTIVO,Martes,0
492,2022-01-05,NO FESTIVO,Miércoles,0
493,2022-01-06,NO FESTIVO,Jueves,0
494,2022-01-07,NO FESTIVO,Viernes,0
495,2022-01-08,NO FESTIVO,Sábado,0
496,2022-01-09,NO FESTIVO,Domingo,0
497,2022-01-10,FESTIVO,Lunes,0
498,2022-01-11,NO FESTIVO,Martes,0
499,2022-01-12,NO FESTIVO,Miércoles,0
500,2022-01-13,NO FESTIVO,Jueves,0
501,2022-01-14,NO FESTIVO,Viernes,0
502,2022-01-15,NO FESTIVO,Sábado,1
503,2022-01-16,NO FESTIVO,Domingo,0
504,2022-01-17,NO FESTIVO,Lunes,0
505,2022-01-18,NO FESTIVO,Martes,0
506,2022-01-19,NO FESTIVO,Miércoles,0
507,2022-01-20,NO FESTIVO,Jueves,0
508,2022-01-21,NO FESTIVO,Viernes,0
509,2022-01-22,NO FESTIVO,Sábado,0
510,2022-01-23,NO FESTIVO,Domingo,0
511,2022-01-24,NO FESTIVO,Lunes,0
512,2022-01-25,NO FESTIVO,Martes,0
513,2022-01-26,NO FESTIVO,Miércoles,0
514,2022-01-27,NO FESTIVO,Jueves,0
515,2022-01-28,NO FESTIVO,Viernes,0
516,2022-01-29,NO FESTIVO,Sábado,0
517,2022-01-30,NO FESTIVO,Domingo,1
518,2022-01-31,NO FESTIVO,Lunes,1
519,2022-02-01,NO FESTIVO,Martes,0
520,2022-02-02,NO FESTIVO,Miércoles,0
521,2022-02-03,NO FESTIVO,Jueves,0
522,2022-02-04,NO FESTIVO,Viernes,0
523,2022-02-05,NO FESTIVO,Sábado,0
524,2022-02-06,NO FESTIVO,Domingo,0
525,2022-02-07,NO FESTIVO,Lunes,0
526,2022-02-08,NO FESTIVO,Martes,0
527,2022-02-09,NO FESTIVO,Miércoles,0
528,2022-02-10,NO FESTIVO,Jueves,0
529,2022-02-11,NO FESTIVO,Viernes,0
530,2022-02-12,NO FESTIVO,Sábado,0
531,2022-02-13,NO FESTIVO,Domingo,0
532,2022-02-14,NO FESTIVO,Lunes,0
533,2022-02-15,NO FESTIVO,Martes,1
534,2022-02-16,NO FESTIVO,Miércoles,0
535,2022-02-17,NO FESTIVO,Jueves,0
536,2022-02-18,NO FESTIVO,Viernes,0
537,2022-02-19,NO FESTIVO,Sábado,0
538,2022-02-20,NO FESTIVO,Domingo,0
539,2022-02-21,NO FESTIVO,Lunes,0
540,2022-02-22,NO FESTIVO,Martes,0
541,2022-02-23,NO FESTIVO,Miércoles,0
542,2022-02-24,NO FESTIVO,Jueves,0
543,2022-02-25,NO FESTIVO,Viernes,0
544,2022-02-26,NO FESTIVO,Sábado,0
545,2022-02-27,NO FESTIVO,Domingo,0
546,2022-02-28,NO FESTIVO,Lunes,0
547,2022-03-01,NO FESTIVO,Martes,0
548,2022-03-02,NO FESTIVO,Miércoles,0
549,2022-03-03,NO FESTIVO,Jueves,0
550,2022-03-04,NO FESTIVO,Viernes,0
551,2022-03-05,NO FESTIVO,Sábado,0
552,2022-03-06,NO FESTIVO,Domingo,0
553,2022-03-07,NO FESTIVO,Lunes,0
554,2022-03-08,NO FESTIVO,Martes,0
555,2022-03-09,NO FESTIVO,Miércoles,0
556,2022-03-10,NO FESTIVO,Jueves,0
557,2022-03-11,NO FESTIVO,Viernes,0
558,2022-03-12,NO FESTIVO,Sábado,0
559,2022-03-13,NO FESTIVO,Domingo,0
560,2022-03-14,NO FESTIVO,Lunes,0
561,2022-03-15,NO FESTIVO,Martes,1
562,2022-03-16,NO FESTIVO,Miércoles,0
563,2022-03-17,NO FESTIVO,Jueves,0
564,2022-03-18,NO FESTIVO,Viernes,0
565,2022-03-19,NO FESTIVO,Sábado,0
566,2022-03-20,NO FESTIVO,Domingo,0
567,2022-03-21,FESTIVO,Lunes,0
568,2022-03-22,NO FESTIVO,Martes,0
569,2022-03-23,NO FESTIVO,Miércoles,0
570,2022-03-24,NO FESTIVO,Jueves,0
571,2022-03-25,NO FESTIVO,Viernes,0
572,2022-03-26,NO FESTIVO,Sábado,0
573,2022-03-27,NO FESTIVO,Domingo,0
574,2022-03-28,NO FESTIVO,Lunes,0
575,2022-03-29,NO FESTIVO,Martes,0
576,2022-03-30,NO FESTIVO,Miércoles,1
577,2022-03-31,NO FESTIVO,Jueves,1
578,2022-04-01,NO FESTIVO,Viernes,0
579,2022-04-02,NO FESTIVO,Sábado,0
580,2022-04-03,NO FESTIVO,Domingo,0
581,2022-04-04,NO FESTIVO,Lunes,0
582,2022-04-05,NO FESTIVO,Martes,0
583,2022-04-06,NO FESTIVO,Miércoles,0
584,2022-04-07,NO FESTIVO,Jueves,0
585,2022-04-08,NO FESTIVO,Viernes,0
586,2022-04-09,NO FESTIVO,Sábado,0
587,2022-04-10,SEM_SANTA,Domingo,0
588,2022-04-11,SEM_SANTA,Lunes,0
589,2022-04-12,SEM_SANTA,Martes,0
590,2022-04-13,SEM_SANTA,Miércoles,0
591,2022-04-14,SEM_SANTA,Jueves,0
592,2022-04-15,SEM_SANTA,Viernes,1
593,2022-04-16,SEM_SANTA,Sábado,0
594,2022-04-17,SEM_SANTA,Domingo,0
595,2022-04-18,NO FESTIVO,Lunes,0
596,2022-04-19,NO FESTIVO,Martes,0
597,2022-04-20,NO FESTIVO,Miércoles,0
598,2022-04-21,NO FESTIVO,Jueves,0
599,2022-04-22,NO FESTIVO,Viernes,0
600,2022-04-23,NO FESTIVO,Sábado,0
601,2022-04-24,NO FESTIVO,Domingo,0
602,2022-04-25,NO FESTIVO,Lunes,0
603,2022-04-26,NO FESTIVO,Martes,0
604,2022-04-27,NO FESTIVO,Miércoles,0
605,2022-04-28,NO FESTIVO,Jueves,0
606,2022-04-29,NO FESTIVO,Viernes,0
607,2022-04-30,NO FESTIVO,Sábado,1
608,2022-05-01,FESTIVO,Domingo,0
609,2022-05-02,NO FESTIVO,Lunes,0
610,2022-05-03,NO FESTIVO,Martes,0
611,2022-05-04,NO FESTIVO,Miércoles,0
612,2022-05-05,NO FESTIVO,Jueves,0
613,2022-05-06,NO FESTIVO,Viernes,0
614,2022-05-07,NO FESTIVO,Sábado,0
615,2022-05-08,MADRES,Domingo,0
616,2022-05-09,NO FESTIVO,Lunes,0
617,2022-05-10,NO FESTIVO,Martes,0
618,2022-05-11,NO FESTIVO,Miércoles,0
619,2022-05-12,NO FESTIVO,Jueves,0
620,2022-05-13,NO FESTIVO,Viernes,0
621,2022-05-14,NO FESTIVO,Sábado,0
622,2022-05-15,NO FESTIVO,Domingo,1
623,2022-05-16,NO FESTIVO,Lunes,0
624,2022-05-17,NO FESTIVO,Martes,0
625,2022-05-18,NO FESTIVO,Miércoles,0
626,2022-05-19,NO FESTIVO,Jueves,0
627,2022-05-20,NO FESTIVO,Viernes,0
628,2022-05-21,NO FESTIVO,Sábado,0
629,2022-05-22,NO FESTIVO,Domingo,0
630,2022-05-23,NO FESTIVO,Lunes,0
631,2022-05-24,NO FESTIVO,Martes,0
632,2022-05-25,NO FESTIVO,Miércoles,0
633,2022-05-26,NO FESTIVO,Jueves,0
634,2022-05-27,NO FESTIVO,Viernes,0
635,2022-05-28,NO FESTIVO,Sábado,0
636,2022-05-29,NO FESTIVO,Domingo,0
637,2022-05-30,FESTIVO,Lunes,1
638,2022-05-31,NO FESTIVO,Martes,1
639,2022-06-01,NO FESTIVO,Miércoles,0
640,2022-06-02,NO FESTIVO,Jueves,0
641,2022-06-03,NO FESTIVO,Viernes,0
642,2022-06-04,NO FESTIVO,Sábado,0
643,2022-06-05,NO FESTIVO,Domingo,0
644,2022-06-06,NO FESTIVO,Lunes,0
645,2022-06-07,NO FESTIVO,Martes,0
646,2022-06-08,NO FESTIVO,Miércoles,0
647,2022-06-09,NO FESTIVO,Jueves,0
648,2022-06-10,NO FESTIVO,Viernes,0
649,2022-06-11,NO FESTIVO,Sábado,0
650,2022-06-12,NO FESTIVO,Domingo,0
651,2022-06-13,NO FESTIVO,Lunes,0
652,2022-06-14,NO FESTIVO,Martes,0
653,2022-06-15,NO FESTIVO,Miércoles,1
654,2022-06-16,NO FESTIVO,Jueves,0
655,2022-06-17,NO FESTIVO,Viernes,0
656,2022-06-18,NO FESTIVO,Sábado,0
657,2022-06-19,NO FESTIVO,Domingo,0
658,2022-06-20,FESTIVO,Lunes,0
659,2022-06-21,NO FESTIVO,Martes,0
660,2022-06-22,NO FESTIVO,Miércoles,0
661,2022-06-23,NO FESTIVO,Jueves,0
662,2022-06-24,NO FESTIVO,Viernes,0
663,2022-06-25,NO FESTIVO,Sábado,0
664,2022-06-26,NO FESTIVO,Domingo,0
665,2022-06-27,FESTIVO,Lunes,0
666,2022-06-28,NO FESTIVO,Martes,0
667,2022-06-29,NO FESTIVO,Miércoles,0
668,2022-06-30,NO FESTIVO,Jueves,1
669,2022-07-01,NO FESTIVO,Viernes,0
670,2022-07-02,NO FESTIVO,Sábado,0
671,2022-07-03,NO FESTIVO,Domingo,0
672,2022-07-04,FESTIVO,Lunes,0
673,2022-07-05,NO FESTIVO,Martes,0
674,2022-07-06,NO FESTIVO,Miércoles,0
675,2022-07-07,NO FESTIVO,Jueves,0
676,2022-07-08,NO FESTIVO,Viernes,0
677,2022-07-09,NO FESTIVO,Sábado,0
678,2022-07-10,NO FESTIVO,Domingo,0
679,2022-07-11,NO FESTIVO,Lunes,0
680,2022-07-12,NO FESTIVO,Martes,0
681,2022-07-13,NO FESTIVO,Miércoles,0
682,2022-07-14,NO FESTIVO,Jueves,0
683,2022-07-15,NO FESTIVO,Viernes,1
684,2022-07-16,NO FESTIVO,Sábado,0
685,2022-07-17,NO FESTIVO,Domingo,0
686,2022-07-18,NO FESTIVO,Lunes,0
687,2022-07-19,NO FESTIVO,Martes,0
688,2022-07-20,FESTIVO,Miércoles,0
689,2022-07-21,NO FESTIVO,Jueves,0
690,2022-07-22,NO FESTIVO,Viernes,0
691,2022-07-23,NO FESTIVO,Sábado,0
692,2022-07-24,NO FESTIVO,Domingo,0
693,2022-07-25,NO FESTIVO,Lunes,0
694,2022-07-26,NO FESTIVO,Martes,0
695,2022-07-27,NO FESTIVO,Miércoles,0
696,2022-07-28,NO FESTIVO,Jueves,0
697,2022-07-29,NO FESTIVO,Viernes,0
698,2022-07-30,NO FESTIVO,Sábado,1
699,2022-07-31,NO FESTIVO,Domingo,1
700,2022-08-01,NO FESTIVO,Lunes,0
701,2022-08-02,NO FESTIVO,Martes,0
702,2022-08-03,NO FESTIVO,Miércoles,0
703,2022-08-04,NO FESTIVO,Jueves,0
704,2022-08-05,NO FESTIVO,Viernes,0
705,2022-08-06,NO FESTIVO,Sábado,0
706,2022-08-07,FESTIVO,Domingo,0
707,2022-08-08,NO FESTIVO,Lunes,0
708,2022-08-09,NO FESTIVO,Martes,0
709,2022-08-10,NO FESTIVO,Miércoles,0
710,2022-08-11,NO FESTIVO,Jueves,0
711,2022-08-12,NO FESTIVO,Viernes,0
712,2022-08-13,NO FESTIVO,Sábado,0
713,2022-08-14,NO FESTIVO,Domingo,0
714,2022-08-15,FESTIVO,Lunes,1
715,2022-08-16,NO FESTIVO,Martes,0
716,2022-08-17,NO FESTIVO,Miércoles,0
717,2022-08-18,NO FESTIVO,Jueves,0
718,2022-08-19,NO FESTIVO,Viernes,0
719,2022-08-20,NO FESTIVO,Sábado,0
720,2022-08-21,NO FESTIVO,Domingo,0
721,2022-08-22,NO FESTIVO,Lunes,0
722,2022-08-23,NO FESTIVO,Martes,0
723,2022-08-24,NO FESTIVO,Miércoles,0
724,2022-08-25,NO FESTIVO,Jueves,0
725,2022-08-26,NO FESTIVO,Viernes,0
726,2022-08-27,NO FESTIVO,Sábado,0
727,2022-08-28,NO FESTIVO,Domingo,0
728,2022-08-29,NO FESTIVO,Lunes,0
729,2022-08-30,NO FESTIVO,Martes,1
730,2022-08-31,NO FESTIVO,Miércoles,1
731,2022-09-01,NO FESTIVO,Jueves,0
732,2022-09-02,NO FESTIVO,Viernes,0
733,2022-09-03,NO FESTIVO,Sábado,0
734,2022-09-04,NO FESTIVO,Domingo,0
735,2022-09-05,NO FESTIVO,Lunes,0
736,2022-09-06,NO FESTIVO,Martes,0
737,2022-09-07,NO FESTIVO,Miércoles,0
738,2022-09-08,NO FESTIVO,Jueves,0
739,2022-09-09,NO FESTIVO,Viernes,0
740,2022-09-10,NO FESTIVO,Sábado,0
741,2022-09-11,NO FESTIVO,Domingo,0
742,2022-09-12,NO FESTIVO,Lunes,0
743,2022-09-13,NO FESTIVO,Martes,0
744,2022-09-14,NO FESTIVO,Miércoles,0
745,2022-09-15,NO FESTIVO,Jueves,1
746,2022-09-16,NO FESTIVO,Viernes,0
747,2022-09-17,NO FESTIVO,Sábado,0
748,2022-09-18,NO FESTIVO,Domingo,0
749,2022-09-19,NO FESTIVO,Lunes,0
750,2022-09-20,NO FESTIVO,Martes,0
751,2022-09-21,NO FESTIVO,Miércoles,0
752,2022-09-22,NO FESTIVO,Jueves,0
753,2022-09-23,NO FESTIVO,Viernes,0
754,2022-09-24,NO FESTIVO,Sábado,0
755,2022-09-25,NO FESTIVO,Domingo,0
756,2022-09-26,NO FESTIVO,Lunes,0
757,2022-09-27,NO FESTIVO,Martes,0
758,2022-09-28,NO FESTIVO,Miércoles,0
759,2022-09-29,NO FESTIVO,Jueves,0
760,2022-09-30,NO FESTIVO,Viernes,1
761,2022-10-01,NO FESTIVO,Sábado,0
762,2022-10-02,NO FESTIVO,Domingo,0
763,2022-10-03,NO FESTIVO,Lunes,0
764,2022-10-04,NO FESTIVO,Martes,0
765,2022-10-05,NO FESTIVO,Miércoles,0
766,2022-10-06,NO FESTIVO,Jueves,0
767,2022-10-07,NO FESTIVO,Viernes,0
768,2022-10-08,NO FESTIVO,Sábado,0
769,2022-10-09,NO FESTIVO,Domingo,0
770,2022-10-10,NO FESTIVO,Lunes,0
771,2022-10-11,NO FESTIVO,Martes,0
772,2022-10-12,NO FESTIVO,Miércoles,0
773,2022-10-13,NO FESTIVO,Jueves,0
774,2022-10-14,NO FESTIVO,Viernes,0
775,2022-10-15,NO FESTIVO,Sábado,1
776,2022-10-16,NO FESTIVO,Domingo,0
777,2022-10-17,FESTIVO,Lunes,0
778,2022-10-18,NO FESTIVO,Martes,0
779,2022-10-19,NO FESTIVO,Miércoles,0
780,2022-10-20,NO FESTIVO,Jueves,0
781,2022-10-21,NO FESTIVO,Viernes,0
782,2022-10-22,NO FESTIVO,Sábado,0
783,2022-10-23,NO FESTIVO,Domingo,0
784,2022-10-24,NO FESTIVO,Lunes,0
785,2022-10-25,NO FESTIVO,Martes,0
786,2022-10-26,NO FESTIVO,Miércoles,0
787,2022-10-27,NO FESTIVO,Jueves,0
788,2022-10-28,NO FESTIVO,Viernes,0
789,2022-10-29,NO FESTIVO,Sábado,0
790,2022-10-30,NO FESTIVO,Domingo,1
791,2022-10-31,BRUJAS,Lunes,1
792,2022-11-01,NO FESTIVO,Martes,0
793,2022-11-02,NO FESTIVO,Miércoles,0
794,2022-11-03,NO FESTIVO,Jueves,0
795,2022-11-04,NO FESTIVO,Viernes,0
796,2022-11-05,NO FESTIVO,Sábado,0
797,2022-11-06,NO FESTIVO,Domingo,0
798,2022-11-07,FESTIVO,Lunes,0
799,2022-11-08,NO FESTIVO,Martes,0
800,2022-11-09,NO FESTIVO,Miércoles,0
801,2022-11-10,NO FESTIVO,Jueves,0
802,2022-11-11,NO FESTIVO,Viernes,0
803,2022-11-12,NO FESTIVO,Sábado,0
804,2022-11-13,NO FESTIVO,Domingo,0
805,2022-11-14,FESTIVO,Lunes,0
806,2022-11-15,NO FESTIVO,Martes,1
807,2022-11-16,NO FESTIVO,Miércoles,0
808,2022-11-17,NO FESTIVO,Jueves,0
809,2022-11-18,NO FESTIVO,Viernes,0
810,2022-11-19,NO FESTIVO,Sábado,0
811,2022-11-20,NO FESTIVO,Domingo,0
812,2022-11-21,NO FESTIVO,Lunes,0
813,2022-11-22,NO FESTIVO,Martes,0
814,2022-11-23,NO FESTIVO,Miércoles,0
815,2022-11-24,NO FESTIVO,Jueves,0
816,2022-11-25,NO FESTIVO,Viernes,0
817,2022-11-26,NO FESTIVO,Sábado,0
818,2022-11-27,NO FESTIVO,Domingo,0
819,2022-11-28,NO FESTIVO,Lunes,0
820,2022-11-29,NO FESTIVO,Martes,0
821,2022-11-30,NO FESTIVO,Miércoles,1
822,2022-12-01,NO FESTIVO,Jueves,0
823,2022-12-02,NO FESTIVO,Viernes,0
824,2022-12-03,NO FESTIVO,Sábado,0
825,2022-12-04,NO FESTIVO,Domingo,0
826,2022-12-05,NO FESTIVO,Lunes,0
827,2022-12-06,NO FESTIVO,Martes,0
828,2022-12-07,NO FESTIVO,Miércoles,0
829,2022-12-08,FESTIVO,Jueves,0
830,2022-12-09,NO FESTIVO,Viernes,0
831,2022-12-10,NO FESTIVO,Sábado,0
832,2022-12-11,NO FESTIVO,Domingo,0
833,2022-12-12,NO FESTIVO,Lunes,0
834,2022-12-13,NO FESTIVO,Martes,0
835,2022-12-14,NO FESTIVO,Miércoles,0
836,2022-12-15,NO FESTIVO,Jueves,1
837,2022-12-16,NO FESTIVO,Viernes,0
838,2022-12-17,NO FESTIVO,Sábado,0
839,2022-12-18,NO FESTIVO,Domingo,0
840,2022-12-19,NO FESTIVO,Lunes,0
841,2022-12-20,NO FESTIVO,Martes,0
842,2022-12-21,NO FESTIVO,Miércoles,0
843,2022-12-22,NO FESTIVO,Jueves,0
844,2022-12-23,NO FESTIVO,Viernes,0
845,2022-12-24,NAVIDAD,Sábado,0
846,2022-12-25,NAVIDAD,Domingo,0
847,2022-12-26,NO FESTIVO,Lunes,0
848,2022-12-27,NO FESTIVO,Martes,0
849,2022-12-28,NO FESTIVO,Miércoles,0
850,2022-12-29,NO FESTIVO,Jueves,0
851,2022-12-30,NO FESTIVO,Viernes,1
852,2022-12-31,NAVIDAD,Sábado,1
853,2023-01-01,A_NUEVO,Domingo,0
854,2023-01-02,NO FESTIVO,Lunes,0
855,2023-01-03,NO FESTIVO,Martes,0
856,2023-01-04,NO FESTIVO,Miércoles,0
857,2023-01-05,NO FESTIVO,Jueves,0
858,2023-01-06,NO FESTIVO,Viernes,0
859,2023-01-07,NO FESTIVO,Sábado,0
860,2023-01-08,NO FESTIVO,Domingo,0
861,2023-01-09,FESTIVO,Lunes,0
862,2023-01-10,NO FESTIVO,Martes,0
863,2023-01-11,NO FESTIVO,Miércoles,0
864,2023-01-12,NO FESTIVO,Jueves,0
865,2023-01-13,NO FESTIVO,Viernes,0
866,2023-01-14,NO FESTIVO,Sábado,0
867,2023-01-15,NO FESTIVO,Domingo,1
868,2023-01-16,NO FESTIVO,Lunes,0
869,2023-01-17,NO FESTIVO,Martes,0
870,2023-01-18,NO FESTIVO,Miércoles,0
871,2023-01-19,NO FESTIVO,Jueves,0
872,2023-01-20,NO FESTIVO,Viernes,0
873,2023-01-21,NO FESTIVO,Sábado,0
874,2023-01-22,NO FESTIVO,Domingo,0
875,2023-01-23,NO FESTIVO,Lunes,0
876,2023-01-24,NO FESTIVO,Martes,0
877,2023-01-25,NO FESTIVO,Miércoles,0
878,2023-01-26,NO FESTIVO,Jueves,0
879,2023-01-27,NO FESTIVO,Viernes,0
880,2023-01-28,NO FESTIVO,Sábado,0
881,2023-01-29,NO FESTIVO,Domingo,0
882,2023-01-30,NO FESTIVO,Lunes,1
883,2023-01-31,NO FESTIVO,Martes,1
884,2023-02-01,NO FESTIVO,Miércoles,0
885,2023-02-02,NO FESTIVO,Jueves,0
886,2023-02-03,NO FESTIVO,Viernes,0
887,2023-02-04,NO FESTIVO,Sábado,0
888,2023-02-05,NO FESTIVO,Domingo,0
889,2023-02-06,NO FESTIVO,Lunes,0
890,2023-02-07,NO FESTIVO,Martes,0
891,2023-02-08,NO FESTIVO,Miércoles,0
892,2023-02-09,NO FESTIVO,Jueves,0
893,2023-02-10,NO FESTIVO,Viernes,0
894,2023-02-11,NO FESTIVO,Sábado,0
895,2023-02-12,NO FESTIVO,Domingo,0
896,2023-02-13,NO FESTIVO,Lunes,0
897,2023-02-14,NO FESTIVO,Martes,0
898,2023-02-15,NO FESTIVO,Miércoles,1
899,2023-02-16,NO FESTIVO,Jueves,0
900,2023-02-17,NO FESTIVO,Viernes,0
901,2023-02-18,NO FESTIVO,Sábado,0
902,2023-02-19,NO FESTIVO,Domingo,0
903,2023-02-20,NO FESTIVO,Lunes,0
904,2023-02-21,NO FESTIVO,Martes,0
905,2023-02-22,NO FESTIVO,Miércoles,0
906,2023-02-23,NO FESTIVO,Jueves,0
907,2023-02-24,NO FESTIVO,Viernes,0
908,2023-02-25,NO FESTIVO,Sábado,0
909,2023-02-26,NO FESTIVO,Domingo,0
910,2023-02-27,NO FESTIVO,Lunes,0
911,2023-02-28,NO FESTIVO,Martes,0
912,2023-03-01,NO FESTIVO,Miércoles,0
913,2023-03-02,NO FESTIVO,Jueves,0
914,2023-03-03,NO FESTIVO,Viernes,0
915,2023-03-04,NO FESTIVO,Sábado,0
916,2023-03-05,NO FESTIVO,Domingo,0
917,2023-03-06,NO FESTIVO,Lunes,0
918,2023-03-07,NO FESTIVO,Martes,0
919,2023-03-08,NO FESTIVO,Miércoles,0
920,2023-03-09,NO FESTIVO,Jueves,0
921,2023-03-10,NO FESTIVO,Viernes,0
922,2023-03-11,NO FESTIVO,Sábado,0
923,2023-03-12,NO FESTIVO,Domingo,0
924,2023-03-13,NO FESTIVO,Lunes,0
925,2023-03-14,NO FESTIVO,Martes,0
926,2023-03-15,NO FESTIVO,Miércoles,1
927,2023-03-16,NO FESTIVO,Jueves,0
928,2023-03-17,NO FESTIVO,Viernes,0
929,2023-03-18,NO FESTIVO,Sábado,0
930,2023-03-19,NO FESTIVO,Domingo,0
931,2023-03-20,FESTIVO,Lunes,0
932,2023-03-21,NO FESTIVO,Martes,0
933,2023-03-22,NO FESTIVO,Miércoles,0
934,2023-03-23,NO FESTIVO,Jueves,0
935,2023-03-24,NO FESTIVO,Viernes,0
936,2023-03-25,NO FESTIVO,Sábado,0
937,2023-03-26,NO FESTIVO,Domingo,0
938,2023-03-27,NO FESTIVO,Lunes,0
939,2023-03-28,NO FESTIVO,Martes,0
940,2023-03-29,NO FESTIVO,Miércoles,0
941,2023-03-30,NO FESTIVO,Jueves,1
942,2023-03-31,NO FESTIVO,Viernes,1
943,2023-04-01,NO FESTIVO,Sábado,0
944,2023-04-02,SEM_SANTA,Domingo,0
945,2023-04-03,SEM_SANTA,Lunes,0
946,2023-04-04,SEM_SANTA,Martes,0
947,2023-04-05,SEM_SANTA,Miércoles,0
948,2023-04-06,SEM_SANTA,Jueves,0
949,2023-04-07,SEM_SANTA,Viernes,0
950,2023-04-08,SEM_SANTA,Sábado,0
951,2023-04-09,SEM_SANTA,Domingo,0
952,2023-04-10,NO FESTIVO,Lunes,0
953,2023-04-11,NO FESTIVO,Martes,0
954,2023-04-12,NO FESTIVO,Miércoles,0
955,2023-04-13,NO FESTIVO,Jueves,0
956,2023-04-14,NO FESTIVO,Viernes,0
957,2023-04-15,NO FESTIVO,Sábado,1
958,2023-04-16,NO FESTIVO,Domingo,0
959,2023-04-17,NO FESTIVO,Lunes,0
960,2023-04-18,NO FESTIVO,Martes,0
961,2023-04-19,NO FESTIVO,Miércoles,0
962,2023-04-20,NO FESTIVO,Jueves,0
963,2023-04-21,NO FESTIVO,Viernes,0
964,2023-04-22,NO FESTIVO,Sábado,0
965,2023-04-23,NO FESTIVO,Domingo,0
966,2023-04-24,NO FESTIVO,Lunes,0
967,2023-04-25,NO FESTIVO,Martes,0
968,2023-04-26,NO FESTIVO,Miércoles,0
969,2023-04-27,NO FESTIVO,Jueves,0
970,2023-04-28,NO FESTIVO,Viernes,0
971,2023-04-29,NO FESTIVO,Sábado,0
972,2023-04-30,NO FESTIVO,Domingo,1
973,2023-05-01,FESTIVO,Lunes,0
974,2023-05-02,NO FESTIVO,Martes,0
975,2023-05-03,NO FESTIVO,Miércoles,0
976,2023-05-04,NO FESTIVO,Jueves,0
977,2023-05-05,NO FESTIVO,Viernes,0
978,2023-05-06,NO FESTIVO,Sábado,0
979,2023-05-07,NO FESTIVO,Domingo,0
980,2023-05-08,NO FESTIVO,Lunes,0
981,2023-05-09,NO FESTIVO,Martes,0
982,2023-05-10,NO FESTIVO,Miércoles,0
983,2023-05-11,NO FESTIVO,Jueves,0
984,2023-05-12,NO FESTIVO,Viernes,0
985,2023-05-13,NO FESTIVO,Sábado,0
986,2023-05-14,MADRES,Domingo,0
987,2023-05-15,NO FESTIVO,Lunes,1
988,2023-05-16,NO FESTIVO,Martes,0
989,2023-05-17,NO FESTIVO,Miércoles,0
990,2023-05-18,NO FESTIVO,Jueves,0
991,2023-05-19,NO FESTIVO,Viernes,0
992,2023-05-20,NO FESTIVO,Sábado,0
993,2023-05-21,NO FESTIVO,Domingo,0
994,2023-05-22,FESTIVO,Lunes,0
995,2023-05-23,NO FESTIVO,Martes,0
996,2023-05-24,NO FESTIVO,Miércoles,0
997,2023-05-25,NO FESTIVO,Jueves,0
998,2023-05-26,NO FESTIVO,Viernes,0
999,2023-05-27,NO FESTIVO,Sábado,0
1000,2023-05-28,NO FESTIVO,Domingo,0
1001,2023-05-29,NO FESTIVO,Lunes,0
1002,2023-05-30,NO FESTIVO,Martes,1
1003,2023-05-31,NO FESTIVO,Miércoles,1
1004,2023-06-01,NO FESTIVO,Jueves,0
1005,2023-06-02,NO FESTIVO,Viernes,0
1006,2023-06-03,NO FESTIVO,Sábado,0
1007,2023-06-04,NO FESTIVO,Domingo,0
1008,2023-06-05,NO FESTIVO,Lunes,0
1009,2023-06-06,NO FESTIVO,Martes,0
1010,2023-06-07,NO FESTIVO,Miércoles,0
1011,2023-06-08,NO FESTIVO,Jueves,0
1012,2023-06-09,NO FESTIVO,Viernes,0
1013,2023-06-10,NO FESTIVO,Sábado,0
1014,2023-06-11,NO FESTIVO,Domingo,0
1015,2023-06-12,FESTIVO,Lunes,0
1016,2023-06-13,NO FESTIVO,Martes,0
1017,2023-06-14,NO FESTIVO,Miércoles,0
1018,2023-06-15,NO FESTIVO,Jueves,1
1019,2023-06-16,NO FESTIVO,Viernes,0
1020,2023-06-17,NO FESTIVO,Sábado,0
1021,2023-06-18,NO FESTIVO,Domingo,0
1022,2023-06-19,FESTIVO,Lunes,0
1023,2023-06-20,NO FESTIVO,Martes,0
1024,2023-06-21,NO FESTIVO,Miércoles,0
1025,2023-06-22,NO FESTIVO,Jueves,0
1026,2023-06-23,NO FESTIVO,Viernes,0
1027,2023-06-24,NO FESTIVO,Sábado,0
1028,2023-06-25,NO FESTIVO,Domingo,0
1029,2023-06-26,NO FESTIVO,Lunes,0
1030,2023-06-27,NO FESTIVO,Martes,0
1031,2023-06-28,NO FESTIVO,Miércoles,0
1032,2023-06-29,NO FESTIVO,Jueves,0
1033,2023-06-30,NO FESTIVO,Viernes,1
1034,2023-07-01,NO FESTIVO,Sábado,0
1035,2023-07-02,NO FESTIVO,Domingo,0
1036,2023-07-03,FESTIVO,Lunes,0
1037,2023-07-04,NO FESTIVO,Martes,0
1038,2023-07-05,NO FESTIVO,Miércoles,0
1039,2023-07-06,NO FESTIVO,Jueves,0
1040,2023-07-07,NO FESTIVO,Viernes,0
1041,2023-07-08,NO FESTIVO,Sábado,0
1042,2023-07-09,NO FESTIVO,Domingo,0
1043,2023-07-10,NO FESTIVO,Lunes,0
1044,2023-07-11,NO FESTIVO,Martes,0
1045,2023-07-12,NO FESTIVO,Miércoles,0
1046,2023-07-13,NO FESTIVO,Jueves,0
1047,2023-07-14,NO FESTIVO,Viernes,0
1048,2023-07-15,NO FESTIVO,Sábado,1
1049,2023-07-16,NO FESTIVO,Domingo,0
1050,2023-07-17,NO FESTIVO,Lunes,0
1051,2023-07-18,NO FESTIVO,Martes,0
1052,2023-07-19,NO FESTIVO,Miércoles,0
1053,2023-07-20,FESTIVO,Jueves,0
1054,2023-07-21,NO FESTIVO,Viernes,0
1055,2023-07-22,NO FESTIVO,Sábado,0
1056,2023-07-23,NO FESTIVO,Domingo,0
1057,2023-07-24,NO FESTIVO,Lunes,0
1058,2023-07-25,NO FESTIVO,Martes,0
1059,2023-07-26,NO FESTIVO,Miércoles,0
1060,2023-07-27,NO FESTIVO,Jueves,0
1061,2023-07-28,NO FESTIVO,Viernes,0
1062,2023-07-29,NO FESTIVO,Sábado,0
1063,2023-07-30,NO FESTIVO,Domingo,1
1064,2023-07-31,NO FESTIVO,Lunes,1
1065,2023-08-01,NO FESTIVO,Martes,0
1066,2023-08-02,NO FESTIVO,Miércoles,0
1067,2023-08-03,NO FESTIVO,Jueves,0
1068,2023-08-04,NO FESTIVO,Viernes,0
1069,2023-08-05,NO FESTIVO,Sábado,0
1070,2023-08-06,NO FESTIVO,Domingo,0
1071,2023-08-07,FESTIVO,Lunes,0
1072,2023-08-08,NO FESTIVO,Martes,0
1073,2023-08-09,NO FESTIVO,Miércoles,0
1074,2023-08-10,NO FESTIVO,Jueves,0
1075,2023-08-11,NO FESTIVO,Viernes,0
1076,2023-08-12,NO FESTIVO,Sábado,0
1077,2023-08-13,NO FESTIVO,Domingo,0
1078,2023-08-14,NO FESTIVO,Lunes,0
1079,2023-08-15,NO FESTIVO,Martes,1
1080,2023-08-16,NO FESTIVO,Miércoles,0
1081,2023-08-17,NO FESTIVO,Jueves,0
1082,2023-08-18,NO FESTIVO,Viernes,0
1083,2023-08-19,NO FESTIVO,Sábado,0
1084,2023-08-20,NO FESTIVO,Domingo,0
1085,2023-08-21,FESTIVO,Lunes,0
1086,2023-08-22,NO FESTIVO,Martes,0
1087,2023-08-23,NO FESTIVO,Miércoles,0
1088,2023-08-24,NO FESTIVO,Jueves,0
1089,2023-08-25,NO FESTIVO,Viernes,0
1090,2023-08-26,NO FESTIVO,Sábado,0
1091,2023-08-27,NO FESTIVO,Domingo,0
1092,2023-08-28,NO FESTIVO,Lunes,0
1093,2023-08-29,NO FESTIVO,Martes,0
1094,2023-08-30,NO FESTIVO,Miércoles,1
1095,2023-08-31,NO FESTIVO,Jueves,1
1096,2023-09-01,NO FESTIVO,Viernes,0
1097,2023-09-02,NO FESTIVO,Sábado,0
1098,2023-09-03,NO FESTIVO,Domingo,0
1099,2023-09-04,NO FESTIVO,Lunes,0
1100,2023-09-05,NO FESTIVO,Martes,0
1101,2023-09-06,NO FESTIVO,Miércoles,0
1102,2023-09-07,NO FESTIVO,Jueves,0
1103,2023-09-08,NO FESTIVO,Viernes,0
1104,2023-09-09,NO FESTIVO,Sábado,0
1105,2023-09-10,NO FESTIVO,Domingo,0
1106,2023-09-11,NO FESTIVO,Lunes,0
1107,2023-09-12,NO FESTIVO,Martes,0
1108,2023-09-13,NO FESTIVO,Miércoles,0
1109,2023-09-14,NO FESTIVO,Jueves,0
1110,2023-09-15,NO FESTIVO,Viernes,1
1111,2023-09-16,NO FESTIVO,Sábado,0
1112,2023-09-17,NO FESTIVO,Domingo,0
1113,2023-09-18,NO FESTIVO,Lunes,0
1114,2023-09-19,NO FESTIVO,Martes,0
1115,2023-09-20,NO FESTIVO,Miércoles,0
1116,2023-09-21,NO FESTIVO,Jueves,0
1117,2023-09-22,NO FESTIVO,Viernes,0
1118,2023-09-23,NO FESTIVO,Sábado,0
1119,2023-09-24,NO FESTIVO,Domingo,0
1120,2023-09-25,NO FESTIVO,Lunes,0
1121,2023-09-26,NO FESTIVO,Martes,0
1122,2023-09-27,NO FESTIVO,Miércoles,0
1123,2023-09-28,NO FESTIVO,Jueves,0
1124,2023-09-29,NO FESTIVO,Viernes,0
1125,2023-09-30,NO FESTIVO,Sábado,1
1126,2023-10-01,NO FESTIVO,Domingo,0
1127,2023-10-02,NO FESTIVO,Lunes,0
1128,2023-10-03,NO FESTIVO,Martes,0
1129,2023-10-04,NO FESTIVO,Miércoles,0
1130,2023-10-05,NO FESTIVO,Jueves,0
1131,2023-10-06,NO FESTIVO,Viernes,0
1132,2023-10-07,NO FESTIVO,Sábado,0
1133,2023-10-08,NO FESTIVO,Domingo,0
1134,2023-10-09,NO FESTIVO,Lunes,0
1135,2023-10-10,NO FESTIVO,Martes,0
1136,2023-10-11,NO FESTIVO,Miércoles,0
1137,2023-10-12,NO FESTIVO,Jueves,0
1138,2023-10-13,NO FESTIVO,Viernes,0
1139,2023-10-14,NO FESTIVO,Sábado,0
1140,2023-10-15,NO FESTIVO,Domingo,1
1141,2023-10-16,FESTIVO,Lunes,0
1142,2023-10-17,NO FESTIVO,Martes,0
1143,2023-10-18,NO FESTIVO,Miércoles,0
1144,2023-10-19,NO FESTIVO,Jueves,0
1145,2023-10-20,NO FESTIVO,Viernes,0
1146,2023-10-21,NO FESTIVO,Sábado,0
1147,2023-10-22,NO FESTIVO,Domingo,0
1148,2023-10-23,NO FESTIVO,Lunes,0
1149,2023-10-24,NO FESTIVO,Martes,0
1150,2023-10-25,NO FESTIVO,Miércoles,0
1151,2023-10-26,NO FESTIVO,Jueves,0
1152,2023-10-27,NO FESTIVO,Viernes,0
1153,2023-10-28,NO FESTIVO,Sábado,0
1154,2023-10-29,NO FESTIVO,Domingo,0
1155,2023-10-30,NO FESTIVO,Lunes,1
1156,2023-10-31,BRUJAS,Martes,1
1157,2023-11-01,NO FESTIVO,Miércoles,0
1158,2023-11-02,NO FESTIVO,Jueves,0
1159,2023-11-03,NO FESTIVO,Viernes,0
1160,2023-11-04,NO FESTIVO,Sábado,0
1161,2023-11-05,NO FESTIVO,Domingo,0
1162,2023-11-06,FESTIVO,Lunes,0
1163,2023-11-07,NO FESTIVO,Martes,0
1164,2023-11-08,NO FESTIVO,Miércoles,0
1165,2023-11-09,NO FESTIVO,Jueves,0
1166,2023-11-10,NO FESTIVO,Viernes,0
1167,2023-11-11,NO FESTIVO,Sábado,0
1168,2023-11-12,NO FESTIVO,Domingo,0
1169,2023-11-13,FESTIVO,Lunes,0
1170,2023-11-14,NO FESTIVO,Martes,0
1171,2023-11-15,NO FESTIVO,Miércoles,1
1172,2023-11-16,NO FESTIVO,Jueves,0
1173,2023-11-17,NO FESTIVO,Viernes,0
1174,2023-11-18,NO FESTIVO,Sábado,0
1175,2023-11-19,NO FESTIVO,Domingo,0
1176,2023-11-20,NO FESTIVO,Lunes,0
1177,2023-11-21,NO FESTIVO,Martes,0
1178,2023-11-22,NO FESTIVO,Miércoles,0
1179,2023-11-23,NO FESTIVO,Jueves,0
1180,2023-11-24,NO FESTIVO,Viernes,0
1181,2023-11-25,NO FESTIVO,Sábado,0
1182,2023-11-26,NO FESTIVO,Domingo,0
1183,2023-11-27,NO FESTIVO,Lunes,0
1184,2023-11-28,NO FESTIVO,Martes,0
1185,2023-11-29,NO FESTIVO,Miércoles,0
1186,2023-11-30,NO FESTIVO,Jueves,1
1187,2023-12-01,NO FESTIVO,Viernes,0
1188,2023-12-02,NO FESTIVO,Sábado,0
1189,2023-12-03,NO FESTIVO,Domingo,0
1190,2023-12-04,NO FESTIVO,Lunes,0
1191,2023-12-05,NO FESTIVO,Martes,0
1192,2023-12-06,NO FESTIVO,Miércoles,0
1193,2023-12-07,NO FESTIVO,Jueves,0
1194,2023-12-08,FESTIVO,Viernes,0
1195,2023-12-09,NO FESTIVO,Sábado,0
1196,2023-12-10,NO FESTIVO,Domingo,0
1197,2023-12-11,NO FESTIVO,Lunes,0
1198,2023-12-12,NO FESTIVO,Martes,0
1199,2023-12-13,NO FESTIVO,Miércoles,0
1200,2023-12-14,NO FESTIVO,Jueves,0
1201,2023-12-15,NO FESTIVO,Viernes,1
1202,2023-12-16,NO FESTIVO,Sábado,0
1203,2023-12-17,NO FESTIVO,Domingo,0
1204,2023-12-18,NO FESTIVO,Lunes,0
1205,2023-12-19,NO FESTIVO,Martes,0
1206,2023-12-20,NO FESTIVO,Miércoles,0
1207,2023-12-21,NO FESTIVO,Jueves,0
1208,2023-12-22,NO FESTIVO,Viernes,0
1209,2023-12-23,NO FESTIVO,Sábado,0
1210,2023-12-24,NAVIDAD,Domingo,0
1211,2023-12-25,NAVIDAD,Lunes,0
1212,2023-12-26,NO FESTIVO,Martes,0
1213,2023-12-27,NO FESTIVO,Miércoles,0
1214,2023-12-28,NO FESTIVO,Jueves,0
1215,2023-12-29,NO FESTIVO,Viernes,0
1216,2023-12-30,NO FESTIVO,Sábado,1
1217,2023-12-31,NAVIDAD,Domingo,1
1218,2024-01-01,A_NUEVO,Lunes,0
1219,2024-01-02,NO FESTIVO,Martes,0
1220,2024-01-03,NO FESTIVO,Miércoles,0
1221,2024-01-04,NO FESTIVO,Jueves,0
1222,2024-01-05,NO FESTIVO,Viernes,0
1223,2024-01-06,NO FESTIVO,Sábado,0
1224,2024-01-07,NO FESTIVO,Domingo,0
1225,2024-01-08,FESTIVO,Lunes,0
1226,2024-01-09,NO FESTIVO,Martes,0
1227,2024-01-10,NO FESTIVO,Miércoles,0
1228,2024-01-11,NO FESTIVO,Jueves,0
1229,2024-01-12,NO FESTIVO,Viernes,0
1230,2024-01-13,NO FESTIVO,Sábado,0
1231,2024-01-14,NO FESTIVO,Domingo,0
1232,2024-01-15,NO FESTIVO,Lunes,1
1233,2024-01-16,NO FESTIVO,Martes,0
1234,2024-01-17,NO FESTIVO,Miércoles,0
1235,2024-01-18,NO FESTIVO,Jueves,0
1236,2024-01-19,NO FESTIVO,Viernes,0
1237,2024-01-20,NO FESTIVO,Sábado,0
1238,2024-01-21,NO FESTIVO,Domingo,0
1239,2024-01-22,NO FESTIVO,Lunes,0
1240,2024-01-23,NO FESTIVO,Martes,0
1241,2024-01-24,NO FESTIVO,Miércoles,0
1242,2024-01-25,NO FESTIVO,Jueves,0
1243,2024-01-26,NO FESTIVO,Viernes,0
1244,2024-01-27,NO FESTIVO,Sábado,0
1245,2024-01-28,NO FESTIVO,Domingo,0
1246,2024-01-29,NO FESTIVO,Lunes,0
1247,2024-01-30,NO FESTIVO,Martes,1
1248,2024-01-31,NO FESTIVO,Miércoles,1
1249,2024-02-01,NO FESTIVO,Jueves,0
1250,2024-02-02,NO FESTIVO,Viernes,0
1251,2024-02-03,NO FESTIVO,Sábado,0
1252,2024-02-04,NO FESTIVO,Domingo,0
1253,2024-02-05,NO FESTIVO,Lunes,0
1254,2024-02-06,NO FESTIVO,Martes,0
1255,2024-02-07,NO FESTIVO,Miércoles,0
1256,2024-02-08,NO FESTIVO,Jueves,0
1257,2024-02-09,NO FESTIVO,Viernes,0
1258,2024-02-10,NO FESTIVO,Sábado,0
1259,2024-02-11,NO FESTIVO,Domingo,0
1260,2024-02-12,NO FESTIVO,Lunes,0
1261,2024-02-13,NO FESTIVO,Martes,0
1262,2024-02-14,NO FESTIVO,Miércoles,0
1263,2024-02-15,NO FESTIVO,Jueves,1
1264,2024-02-16,NO FESTIVO,Viernes,0
1265,2024-02-17,NO FESTIVO,Sábado,0
1266,2024-02-18,NO FESTIVO,Domingo,0
1267,2024-02-19,NO FESTIVO,Lunes,0
1268,2024-02-20,NO FESTIVO,Martes,0
1269,2024-02-21,NO FESTIVO,Miércoles,0
1270,2024-02-22,NO FESTIVO,Jueves,0
1271,2024-02-23,NO FESTIVO,Viernes,0
1272,2024-02-24,NO FESTIVO,Sábado,0
1273,2024-02-25,NO FESTIVO,Domingo,0
1274,2024-02-26,NO FESTIVO,Lunes,0
1275,2024-02-27,NO FESTIVO,Martes,0
1276,2024-02-28,NO FESTIVO,Miércoles,0
1277,2024-02-29,NO FESTIVO,Jueves,0
1278,2024-03-01,NO FESTIVO,Viernes,0
1279,2024-03-02,NO FESTIVO,Sábado,0
1280,2024-03-03,NO FESTIVO,Domingo,0
1281,2024-03-04,NO FESTIVO,Lunes,0
1282,2024-03-05,NO FESTIVO,Martes,0
1283,2024-03-06,NO FESTIVO,Miércoles,0
1284,2024-03-07,NO FESTIVO,Jueves,0
1285,2024-03-08,NO FESTIVO,Viernes,0
1286,2024-03-09,NO FESTIVO,Sábado,0
1287,2024-03-10,NO FESTIVO,Domingo,0
1288,2024-03-11,NO FESTIVO,Lunes,0
1289,2024-03-12,NO FESTIVO,Martes,0
1290,2024-03-13,NO FESTIVO,Miércoles,0
1291,2024-03-14,NO FESTIVO,Jueves,0
1292,2024-03-15,NO FESTIVO,Viernes,1
1293,2024-03-16,NO FESTIVO,Sábado,0
1294,2024-03-17,NO FESTIVO,Domingo,0
1295,2024-03-18,NO FESTIVO,Lunes,0
1296,2024-03-19,NO FESTIVO,Martes,0
1297,2024-03-20,NO FESTIVO,Miércoles,0
1298,2024-03-21,NO FESTIVO,Jueves,0
1299,2024-03-22,NO FESTIVO,Viernes,0
1300,2024-03-23,NO FESTIVO,Sábado,0
1301,2024-03-24,SEM_SANTA,Domingo,0
1302,2024-03-25,SEM_SANTA,Lunes,0
1303,2024-03-26,SEM_SANTA,Martes,0
1304,2024-03-27,SEM_SANTA,Miércoles,0
1305,2024-03-28,SEM_SANTA,Jueves,0
1306,2024-03-29,SEM_SANTA,Viernes,0
1307,2024-03-30,SEM_SANTA,Sábado,1
1308,2024-03-31,SEM_SANTA,Domingo,1
1309,2024-04-01,NO FESTIVO,Lunes,0
1310,2024-04-02,NO FESTIVO,Martes,0
1311,2024-04-03,NO FESTIVO,Miércoles,0
1312,2024-04-04,NO FESTIVO,Jueves,0
1313,2024-04-05,NO FESTIVO,Viernes,0
1314,2024-04-06,NO FESTIVO,Sábado,0
1315,2024-04-07,NO FESTIVO,Domingo,0
1316,2024-04-08,NO FESTIVO,Lunes,0
1317,2024-04-09,NO FESTIVO,Martes,0
1318,2024-04-10,NO FESTIVO,Miércoles,0
1319,2024-04-11,NO FESTIVO,Jueves,0
1320,2024-04-12,NO FESTIVO,Viernes,0
1321,2024-04-13,NO FESTIVO,Sábado,0
1322,2024-04-14,NO FESTIVO,Domingo,0
1323,2024-04-15,NO FESTIVO,Lunes,1
1324,2024-04-16,NO FESTIVO,Martes,0
1325,2024-04-17,NO FESTIVO,Miércoles,0
1326,2024-04-18,NO FESTIVO,Jueves,0
1327,2024-04-19,NO FESTIVO,Viernes,0
1328,2024-04-20,NO FESTIVO,Sábado,0
1329,2024-04-21,NO FESTIVO,Domingo,0
1330,2024-04-22,NO FESTIVO,Lunes,0
1331,2024-04-23,NO FESTIVO,Martes,0
1332,2024-04-24,NO FESTIVO,Miércoles,0
1333,2024-04-25,NO FESTIVO,Jueves,0
1334,2024-04-26,NO FESTIVO,Viernes,0
1335,2024-04-27,NO FESTIVO,Sábado,0
1336,2024-04-28,NO FESTIVO,Domingo,0
1337,2024-04-29,NO FESTIVO,Lunes,0
1338,2024-04-30,NO FESTIVO,Martes,1
1339,2024-05-01,FESTIVO,Miércoles,0
1340,2024-05-02,NO FESTIVO,Jueves,0
1341,2024-05-03,NO FESTIVO,Viernes,0
1342,2024-05-04,NO FESTIVO,Sábado,0
1343,2024-05-05,NO FESTIVO,Domingo,0
1344,2024-05-06,NO FESTIVO,Lunes,0
1345,2024-05-07,NO FESTIVO,Martes,0
1346,2024-05-08,NO FESTIVO,Miércoles,0
1347,2024-05-09,NO FESTIVO,Jueves,0
1348,2024-05-10,NO FESTIVO,Viernes,0
1349,2024-05-11,NO FESTIVO,Sábado,0
1350,2024-05-12,MADRES,Domingo,0
1351,2024-05-13,FESTIVO,Lunes,0
1352,2024-05-14,NO FESTIVO,Martes,0
1353,2024-05-15,NO FESTIVO,Miércoles,1
1354,2024-05-16,NO FESTIVO,Jueves,0
1355,2024-05-17,NO FESTIVO,Viernes,0
1356,2024-05-18,NO FESTIVO,Sábado,0
1357,2024-05-19,NO FESTIVO,Domingo,0
1358,2024-05-20,NO FESTIVO,Lunes,0
1359,2024-05-21,NO FESTIVO,Martes,0
1360,2024-05-22,NO FESTIVO,Miércoles,0
1361,2024-05-23,NO FESTIVO,Jueves,0
1362,2024-05-24,NO FESTIVO,Viernes,0
1363,2024-05-25,NO FESTIVO,Sábado,0
1364,2024-05-26,NO FESTIVO,Domingo,0
1365,2024-05-27,NO FESTIVO,Lunes,0
1366,2024-05-28,NO FESTIVO,Martes,0
1367,2024-05-29,NO FESTIVO,Miércoles,0
1368,2024-05-30,NO FESTIVO,Jueves,1
1369,2024-05-31,NO FESTIVO,Viernes,1
1370,2024-06-01,NO FESTIVO,Sábado,0
1371,2024-06-02,NO FESTIVO,Domingo,0
1372,2024-06-03,FESTIVO,Lunes,0
1373,2024-06-04,NO FESTIVO,Martes,0
1374,2024-06-05,NO FESTIVO,Miércoles,0
1375,2024-06-06,NO FESTIVO,Jueves,0
1376,2024-06-07,NO FESTIVO,Viernes,0
1377,2024-06-08,NO FESTIVO,Sábado,0
1378,2024-06-09,NO FESTIVO,Domingo,0
1379,2024-06-10,FESTIVO,Lunes,0
1380,2024-06-11,NO FESTIVO,Martes,0
1381,2024-06-12,NO FESTIVO,Miércoles,0
1382,2024-06-13,NO FESTIVO,Jueves,0
1383,2024-06-14,NO FESTIVO,Viernes,0
1384,2024-06-15,NO FESTIVO,Sábado,1
1385,2024-06-16,NO FESTIVO,Domingo,0
1386,2024-06-17,NO FESTIVO,Lunes,0
1387,2024-06-18,NO FESTIVO,Martes,0
1388,2024-06-19,NO FESTIVO,Miércoles,0
1389,2024-06-20,NO FESTIVO,Jueves,0
1390,2024-06-21,NO FESTIVO,Viernes,0
1391,2024-06-22,NO FESTIVO,Sábado,0
1392,2024-06-23,NO FESTIVO,Domingo,0
1393,2024-06-24,NO FESTIVO,Lunes,0
1394,2024-06-25,NO FESTIVO,Martes,0
1395,2024-06-26,NO FESTIVO,Miércoles,0
1396,2024-06-27,NO FESTIVO,Jueves,0
1397,2024-06-28,NO FESTIVO,Viernes,0
1398,2024-06-29,NO FESTIVO,Sábado,0
1399,2024-06-30,NO FESTIVO,Domingo,1
1400,2024-07-01,FESTIVO,Lunes,0
1401,2024-07-02,NO FESTIVO,Martes,0
1402,2024-07-03,NO FESTIVO,Miércoles,0
1403,2024-07-04,NO FESTIVO,Jueves,0
1404,2024-07-05,NO FESTIVO,Viernes,0
1405,2024-07-06,NO FESTIVO,Sábado,0
1406,2024-07-07,NO FESTIVO,Domingo,0
1407,2024-07-08,NO FESTIVO,Lunes,0
1408,2024-07-09,NO FESTIVO,Martes,0
1409,2024-07-10,NO FESTIVO,Miércoles,0
1410,2024-07-11,NO FESTIVO,Jueves,0
1411,2024-07-12,NO FESTIVO,Viernes,0
1412,2024-07-13,NO FESTIVO,Sábado,0
1413,2024-07-14,NO FESTIVO,Domingo,0
1414,2024-07-15,NO FESTIVO,Lunes,1
1415,2024-07-16,NO FESTIVO,Martes,0
1416,2024-07-17,NO FESTIVO,Miércoles,0
1417,2024-07-18,NO FESTIVO,Jueves,0
1418,2024-07-19,NO FESTIVO,Viernes,0
1419,2024-07-20,FESTIVO,Sábado,0
1420,2024-07-21,NO FESTIVO,Domingo,0
1421,2024-07-22,NO FESTIVO,Lunes,0
1422,2024-07-23,NO FESTIVO,Martes,0
1423,2024-07-24,NO FESTIVO,Miércoles,0
1424,2024-07-25,NO FESTIVO,Jueves,0
1425,2024-07-26,NO FESTIVO,Viernes,0
1426,2024-07-27,NO FESTIVO,Sábado,0
1427,2024-07-28,NO FESTIVO,Domingo,0
1428,2024-07-29,NO FESTIVO,Lunes,0
1429,2024-07-30,NO FESTIVO,Martes,1
1430,2024-07-31,NO FESTIVO,Miércoles,1
1431,2024-08-01,NO FESTIVO,Jueves,0
1432,2024-08-02,NO FESTIVO,Viernes,0
1433,2024-08-03,NO FESTIVO,Sábado,0
1434,2024-08-04,NO FESTIVO,Domingo,0
1435,2024-08-05,NO FESTIVO,Lunes,0
1436,2024-08-06,NO FESTIVO,Martes,0
1437,2024-08-07,FESTIVO,Miércoles,0
1438,2024-08-08,NO FESTIVO,Jueves,0
1439,2024-08-09,NO FESTIVO,Viernes,0
1440,2024-08-10,NO FESTIVO,Sábado,0
1441,2024-08-11,NO FESTIVO,Domingo,0
1442,2024-08-12,NO FESTIVO,Lunes,0
1443,2024-08-13,NO FESTIVO,Martes,0
1444,2024-08-14,NO FESTIVO,Miércoles,0
1445,2024-08-15,NO FESTIVO,Jueves,1
1446,2024-08-16,NO FESTIVO,Viernes,0
1447,2024-08-17,NO FESTIVO,Sábado,0
1448,2024-08-18,NO FESTIVO,Domingo,0
1449,2024-08-19,FESTIVO,Lunes,0
1450,2024-08-20,NO FESTIVO,Martes,0
1451,2024-08-21,NO FESTIVO,Miércoles,0
1452,2024-08-22,NO FESTIVO,Jueves,0
1453,2024-08-23,NO FESTIVO,Viernes,0
1454,2024-08-24,NO FESTIVO,Sábado,0
1455,2024-08-25,NO FESTIVO,Domingo,0
1456,2024-08-26,NO FESTIVO,Lunes,0
1457,2024-08-27,NO FESTIVO,Martes,0
1458,2024-08-28,NO FESTIVO,Miércoles,0
1459,2024-08-29,NO FESTIVO,Jueves,0
1460,2024-08-30,NO FESTIVO,Viernes,1
1461,2024-08-31,NO FESTIVO,Sábado,1
1462,2024-09-01,NO FESTIVO,Domingo,0
1463,2024-09-02,NO FESTIVO,Lunes,0
1464,2024-09-03,NO FESTIVO,Martes,0
1465,2024-09-04,NO FESTIVO,Miércoles,0
1466,2024-09-05,NO FESTIVO,Jueves,0
1467,2024-09-06,NO FESTIVO,Viernes,0
1468,2024-09-07,NO FESTIVO,Sábado,0
1469,2024-09-08,NO FESTIVO,Domingo,0
1470,2024-09-09,NO FESTIVO,Lunes,0
1471,2024-09-10,NO FESTIVO,Martes,0
1472,2024-09-11,NO FESTIVO,Miércoles,0
1473,2024-09-12,NO FESTIVO,Jueves,0
1474,2024-09-13,NO FESTIVO,Viernes,0
1475,2024-09-14,NO FESTIVO,Sábado,0
1476,2024-09-15,NO FESTIVO,Domingo,1
1477,2024-09-16,NO FESTIVO,Lunes,0
1478,2024-09-17,NO FESTIVO,Martes,0
1479,2024-09-18,NO FESTIVO,Miércoles,0
1480,2024-09-19,NO FESTIVO,Jueves,0
1481,2024-09-20,NO FESTIVO,Viernes,0
1482,2024-09-21,NO FESTIVO,Sábado,0
1483,2024-09-22,NO FESTIVO,Domingo,0
1484,2024-09-23,NO FESTIVO,Lunes,0
1485,2024-09-24,NO FESTIVO,Martes,0
1486,2024-09-25,NO FESTIVO,Miércoles,0
1487,2024-09-26,NO FESTIVO,Jueves,0
1488,2024-09-27,NO FESTIVO,Viernes,0
1489,2024-09-28,NO FESTIVO,Sábado,0
1490,2024-09-29,NO FESTIVO,Domingo,0
1491,2024-09-30,NO FESTIVO,Lunes,1
1492,2024-10-01,NO FESTIVO,Martes,0
1493,2024-10-02,NO FESTIVO,Miércoles,0
1494,2024-10-03,NO FESTIVO,Jueves,0
1495,2024-10-04,NO FESTIVO,Viernes,0
1496,2024-10-05,NO FESTIVO,Sábado,0
1497,2024-10-06,NO FESTIVO,Domingo,0
1498,2024-10-07,NO FESTIVO,Lunes,0
1499,2024-10-08,NO FESTIVO,Martes,0
1500,2024-10-09,NO FESTIVO,Miércoles,0
1501,2024-10-10,NO FESTIVO,Jueves,0
1502,2024-10-11,NO FESTIVO,Viernes,0
1503,2024-10-12,NO FESTIVO,Sábado,0
1504,2024-10-13,NO FESTIVO,Domingo,0
1505,2024-10-14,FESTIVO,Lunes,0
1506,2024-10-15,NO FESTIVO,Martes,1
1507,2024-10-16,NO FESTIVO,Miércoles,0
1508,2024-10-17,NO FESTIVO,Jueves,0
1509,2024-10-18,NO FESTIVO,Viernes,0
1510,2024-10-19,NO FESTIVO,Sábado,0
1511,2024-10-20,NO FESTIVO,Domingo,0
1512,2024-10-21,NO FESTIVO,Lunes,0
1513,2024-10-22,NO FESTIVO,Martes,0
1514,2024-10-23,NO FESTIVO,Miércoles,0
1515,2024-10-24,NO FESTIVO,Jueves,0
1516,2024-10-25,NO FESTIVO,Viernes,0
1517,2024-10-26,NO FESTIVO,Sábado,0
1518,2024-10-27,NO FESTIVO,Domingo,0
1519,2024-10-28,NO FESTIVO,Lunes,0
1520,2024-10-29,NO FESTIVO,Martes,0
1521,2024-10-30,NO FESTIVO,Miércoles,1
1522,2024-10-31,BRUJAS,Jueves,1
1523,2024-11-01,NO FESTIVO,Viernes,0
1524,2024-11-02,NO FESTIVO,Sábado,0
1525,2024-11-03,NO FESTIVO,Domingo,0
1526,2024-11-04,FESTIVO,Lunes,0
1527,2024-11-05,NO FESTIVO,Martes,0
1528,2024-11-06,NO FESTIVO,Miércoles,0
1529,2024-11-07,NO FESTIVO,Jueves,0
1530,2024-11-08,NO FESTIVO,Viernes,0
1531,2024-11-09,NO FESTIVO,Sábado,0
1532,2024-11-10,NO FESTIVO,Domingo,0
1533,2024-11-11,FESTIVO,Lunes,0
1534,2024-11-12,NO FESTIVO,Martes,0
1535,2024-11-13,NO FESTIVO,Miércoles,0
1536,2024-11-14,NO FESTIVO,Jueves,0
1537,2024-11-15,NO FESTIVO,Viernes,1
1538,2024-11-16,NO FESTIVO,Sábado,0
1539,2024-11-17,NO FESTIVO,Domingo,0
1540,2024-11-18,NO FESTIVO,Lunes,0
1541,2024-11-19,NO FESTIVO,Martes,0
1542,2024-11-20,NO FESTIVO,Miércoles,0
1543,2024-11-21,NO FESTIVO,Jueves,0
1544,2024-11-22,NO FESTIVO,Viernes,0
1545,2024-11-23,NO FESTIVO,Sábado,0
1546,2024-11-24,NO FESTIVO,Domingo,0
1547,2024-11-25,NO FESTIVO,Lunes,0
1548,2024-11-26,NO FESTIVO,Martes,0
1549,2024-11-27,NO FESTIVO,Miércoles,0
1550,2024-11-28,NO FESTIVO,Jueves,0
1551,2024-11-29,NO FESTIVO,Viernes,0
1552,2024-11-30,NO FESTIVO,Sábado,1
1553,2024-12-01,NO FESTIVO,Domingo,0
1554,2024-12-02,NO FESTIVO,Lunes,0
1555,2024-12-03,NO FESTIVO,Martes,0
1556,2024-12-04,NO FESTIVO,Miércoles,0
1557,2024-12-05,NO FESTIVO,Jueves,0
1558,2024-12-06,NO FESTIVO,Viernes,0
1559,2024-12-07,NO FESTIVO,Sábado,0
1560,2024-12-08,FESTIVO,Domingo,0
1561,2024-12-09,NO FESTIVO,Lunes,0
1562,2024-12-10,NO FESTIVO,Martes,0
1563,2024-12-11,NO FESTIVO,Miércoles,0
1564,2024-12-12,NO FESTIVO,Jueves,0
1565,2024-12-13,NO FESTIVO,Viernes,0
1566,2024-12-14,NO FESTIVO,Sábado,0
1567,2024-12-15,NO FESTIVO,Domingo,1
1568,2024-12-16,NO FESTIVO,Lunes,0
1569,2024-12-17,NO FESTIVO,Martes,0
1570,2024-12-18,NO FESTIVO,Miércoles,0
1571,2024-12-19,NO FESTIVO,Jueves,0
1572,2024-12-20,NO FESTIVO,Viernes,0
1573,2024-12-21,NO FESTIVO,Sábado,0
1574,2024-12-22,NO FESTIVO,Domingo,0
1575,2024-12-23,NO FESTIVO,Lunes,0
1576,2024-12-24,NAVIDAD,Martes,0
1577,2024-12-25,NAVIDAD,Miércoles,0
1578,2024-12-26,NO FESTIVO,Jueves,0
1579,2024-12-27,NO FESTIVO,Viernes,0
1580,2024-12-28,NO FESTIVO,Sábado,0
1581,2024-12-29,NO FESTIVO,Domingo,0
1582,2024-12-30,NO FESTIVO,Lunes,1
1583,2024-12-31,NAVIDAD,Martes,1
