,FECHA,FESTIVIDAD,DIA_SEMANA,DIA_QUINCENA,SEMANA,MES
0,2020-09-01,NO FESTIVO,Martes,0,35,09
1,2020-09-02,NO FESTIVO,Miércoles,0,35,09
2,2020-09-03,NO FESTIVO,Jueves,0,35,09
3,2020-09-04,NO FESTIVO,Viernes,0,35,09
4,2020-09-05,NO FESTIVO,Sábado,0,35,09
5,2020-09-06,NO FESTIVO,Domingo,0,36,09
6,2020-09-07,NO FESTIVO,Lunes,0,36,09
7,2020-09-08,NO FESTIVO,Martes,0,36,09
8,2020-09-09,NO FESTIVO,Miércoles,0,36,09
9,2020-09-10,NO FESTIVO,Jueves,0,36,09
10,2020-09-11,NO FESTIVO,Viernes,0,36,09
11,2020-09-12,NO FESTIVO,Sábado,0,36,09
12,2020-09-13,NO FESTIVO,Domingo,0,37,09
13,2020-09-14,NO FESTIVO,Lunes,0,37,09
14,2020-09-15,NO FESTIVO,Martes,1,37,09
15,2020-09-16,NO FESTIVO,Miércoles,0,37,09
16,2020-09-17,NO FESTIVO,Jueves,0,37,09
17,2020-09-18,NO FESTIVO,Viernes,0,37,09
18,2020-09-19,NO FESTIVO,Sábado,0,37,09
19,2020-09-20,NO FESTIVO,Domingo,0,38,09
20,2020-09-21,NO FESTIVO,Lunes,0,38,09
21,2020-09-22,NO FESTIVO,Martes,0,38,09
22,2020-09-23,NO FESTIVO,Miércoles,0,38,09
23,2020-09-24,NO FESTIVO,Jueves,0,38,09
24,2020-09-25,NO FESTIVO,Viernes,0,38,09
25,2020-09-26,NO FESTIVO,Sábado,0,38,09
26,2020-09-27,NO FESTIVO,Domingo,0,39,09
27,2020-09-28,NO FESTIVO,Lunes,0,39,09
28,2020-09-29,NO FESTIVO,Martes,0,39,09
29,2020-09-30,NO FESTIVO,Miércoles,1,39,09
30,2020-10-01,NO FESTIVO,Jueves,0,39,10
31,2020-10-02,NO FESTIVO,Viernes,0,39,10
32,2020-10-03,NO FESTIVO,Sábado,0,39,10
33,2020-10-04,NO FESTIVO,Domingo,0,40,10
34,2020-10-05,NO FESTIVO,Lunes,0,40,10
35,2020-10-06,NO FESTIVO,Martes,0,40,10
36,2020-10-07,NO FESTIVO,Miércoles,0,40,10
37,2020-10-08,NO FESTIVO,Jueves,0,40,10
38,2020-10-09,NO FESTIVO,Viernes,0,40,10
39,2020-10-10,NO FESTIVO,Sábado,0,40,10
40,2020-10-11,NO FESTIVO,Domingo,0,41,10
41,2020-10-12,FESTIVO,Lunes,0,41,10
42,2020-10-13,NO FESTIVO,Martes,0,41,10
43,2020-10-14,NO FESTIVO,Miércoles,0,41,10
44,2020-10-15,NO FESTIVO,Jueves,1,41,10
45,2020-10-16,NO FESTIVO,Viernes,0,41,10
46,2020-10-17,NO FESTIVO,Sábado,0,41,10
47,2020-10-18,NO FESTIVO,Domingo,0,42,10
48,2020-10-19,NO FESTIVO,Lunes,0,42,10
49,2020-10-20,NO FESTIVO,Martes,0,42,10
50,2020-10-21,NO FESTIVO,Miércoles,0,42,10
51,2020-10-22,NO FESTIVO,Jueves,0,42,10
52,2020-10-23,NO FESTIVO,Viernes,0,42,10
53,2020-10-24,NO FESTIVO,Sábado,0,42,10
54,2020-10-25,NO FESTIVO,Domingo,0,43,10
55,2020-10-26,NO FESTIVO,Lunes,0,43,10
56,2020-10-27,NO FESTIVO,Martes,0,43,10
57,2020-10-28,NO FESTIVO,Miércoles,0,43,10
58,2020-10-29,NO FESTIVO,Jueves,0,43,10
59,2020-10-30,NO FESTIVO,Viernes,1,43,10
60,2020-10-31,BRUJAS,Sábado,1,43,10
61,2020-11-01,NO FESTIVO,Domingo,0,44,11
62,2020-11-02,FESTIVO,Lunes,0,44,11
63,2020-11-03,NO FESTIVO,Martes,0,44,11
64,2020-11-04,NO FESTIVO,Miércoles,0,44,11
65,2020-11-05,NO FESTIVO,Jueves,0,44,11
66,2020-11-06,NO FESTIVO,Viernes,0,44,11
67,2020-11-07,NO FESTIVO,Sábado,0,44,11
68,2020-11-08,NO FESTIVO,Domingo,0,45,11
69,2020-11-09,NO FESTIVO,Lunes,0,45,11
70,2020-11-10,NO FESTIVO,Martes,0,45,11
71,2020-11-11,NO FESTIVO,Miércoles,0,45,11
72,2020-11-12,NO FESTIVO,Jueves,0,45,11
73,2020-11-13,NO FESTIVO,Viernes,0,45,11
74,2020-11-14,NO FESTIVO,Sábado,0,45,11
75,2020-11-15,NO FESTIVO,Domingo,1,46,11
76,2020-11-16,FESTIVO,Lunes,0,46,11
77,2020-11-17,NO FESTIVO,Martes,0,46,11
78,2020-11-18,NO FESTIVO,Miércoles,0,46,11
79,2020-11-19,NO FESTIVO,Jueves,0,46,11
80,2020-11-20,NO FESTIVO,Viernes,0,46,11
81,2020-11-21,NO FESTIVO,Sábado,0,46,11
82,2020-11-22,NO FESTIVO,Domingo,0,47,11
83,2020-11-23,NO FESTIVO,Lunes,0,47,11
84,2020-11-24,NO FESTIVO,Martes,0,47,11
85,2020-11-25,NO FESTIVO,Miércoles,0,47,11
86,2020-11-26,NO FESTIVO,Jueves,0,47,11
87,2020-11-27,NO FESTIVO,Viernes,0,47,11
88,2020-11-28,NO FESTIVO,Sábado,0,47,11
89,2020-11-29,NO FESTIVO,Domingo,0,48,11
90,2020-11-30,NO FESTIVO,Lunes,1,48,11
91,2020-12-01,NO FESTIVO,Martes,0,48,12
92,2020-12-02,NO FESTIVO,Miércoles,0,48,12
93,2020-12-03,NO FESTIVO,Jueves,0,48,12
94,2020-12-04,NO FESTIVO,Viernes,0,48,12
95,2020-12-05,NO FESTIVO,Sábado,0,48,12
96,2020-12-06,NO FESTIVO,Domingo,0,49,12
97,2020-12-07,NO FESTIVO,Lunes,0,49,12
98,2020-12-08,FESTIVO,Martes,0,49,12
99,2020-12-09,NO FESTIVO,Miércoles,0,49,12
100,2020-12-10,NO FESTIVO,Jueves,0,49,12
101,2020-12-11,NO FESTIVO,Viernes,0,49,12
102,2020-12-12,NO FESTIVO,Sábado,0,49,12
103,2020-12-13,NO FESTIVO,Domingo,0,50,12
104,2020-12-14,NO FESTIVO,Lunes,0,50,12
105,2020-12-15,NO FESTIVO,Martes,1,50,12
106,2020-12-16,NO FESTIVO,Miércoles,0,50,12
107,2020-12-17,NO FESTIVO,Jueves,0,50,12
108,2020-12-18,NO FESTIVO,Viernes,0,50,12
109,2020-12-19,NO FESTIVO,Sábado,0,50,12
110,2020-12-20,NO FESTIVO,Domingo,0,51,12
111,2020-12-21,NO FESTIVO,Lunes,0,51,12
112,2020-12-22,NO FESTIVO,Martes,0,51,12
113,2020-12-23,NO FESTIVO,Miércoles,0,51,12
114,2020-12-24,NAVIDAD,Jueves,0,51,12
115,2020-12-24,NAVIDAD,Jueves,0,51,12
116,2020-12-25,NO FESTIVO,Viernes,0,51,12
117,2020-12-26,NO FESTIVO,Sábado,0,51,12
118,2020-12-27,NO FESTIVO,Domingo,0,52,12
119,2020-12-28,NO FESTIVO,Lunes,0,52,12
120,2020-12-29,NO FESTIVO,Martes,0,52,12
121,2020-12-30,NO FESTIVO,Miércoles,1,52,12
122,2020-12-31,NAVIDAD,Jueves,1,52,12
123,2021-01-01,A_NUEVO,Viernes,0,00,01
124,2021-01-02,NO FESTIVO,Sábado,0,00,01
125,2021-01-03,NO FESTIVO,Domingo,0,01,01
126,2021-01-04,NO FESTIVO,Lunes,0,01,01
127,2021-01-05,NO FESTIVO,Martes,0,01,01
128,2021-01-06,NO FESTIVO,Miércoles,0,01,01
129,2021-01-07,NO FESTIVO,Jueves,0,01,01
130,2021-01-08,NO FESTIVO,Viernes,0,01,01
131,2021-01-09,NO FESTIVO,Sábado,0,01,01
132,2021-01-10,NO FESTIVO,Domingo,0,02,01
133,2021-01-11,FESTIVO,Lunes,0,02,01
134,2021-01-12,NO FESTIVO,Martes,0,02,01
135,2021-01-13,NO FESTIVO,Miércoles,0,02,01
136,2021-01-14,NO FESTIVO,Jueves,0,02,01
137,2021-01-15,NO FESTIVO,Viernes,1,02,01
138,2021-01-16,NO FESTIVO,Sábado,0,02,01
139,2021-01-17,NO FESTIVO,Domingo,0,03,01
140,2021-01-18,NO FESTIVO,Lunes,0,03,01
141,2021-01-19,NO FESTIVO,Martes,0,03,01
142,2021-01-20,NO FESTIVO,Miércoles,0,03,01
143,2021-01-21,NO FESTIVO,Jueves,0,03,01
144,2021-01-22,NO FESTIVO,Viernes,0,03,01
145,2021-01-23,NO FESTIVO,Sábado,0,03,01
146,2021-01-24,NO FESTIVO,Domingo,0,04,01
147,2021-01-25,NO FESTIVO,Lunes,0,04,01
148,2021-01-26,NO FESTIVO,Martes,0,04,01
149,2021-01-27,NO FESTIVO,Miércoles,0,04,01
150,2021-01-28,NO FESTIVO,Jueves,0,04,01
151,2021-01-29,NO FESTIVO,Viernes,0,04,01
152,2021-01-30,NO FESTIVO,Sábado,1,04,01
153,2021-01-31,NO FESTIVO,Domingo,1,05,01
154,2021-02-01,NO FESTIVO,Lunes,0,05,02
155,2021-02-02,NO FESTIVO,Martes,0,05,02
156,2021-02-03,NO FESTIVO,Miércoles,0,05,02
157,2021-02-04,NO FESTIVO,Jueves,0,05,02
158,2021-02-05,NO FESTIVO,Viernes,0,05,02
159,2021-02-06,NO FESTIVO,Sábado,0,05,02
160,2021-02-07,NO FESTIVO,Domingo,0,06,02
161,2021-02-08,NO FESTIVO,Lunes,0,06,02
162,2021-02-09,NO FESTIVO,Martes,0,06,02
163,2021-02-10,NO FESTIVO,Miércoles,0,06,02
164,2021-02-11,NO FESTIVO,Jueves,0,06,02
165,2021-02-12,NO FESTIVO,Viernes,0,06,02
166,2021-02-13,NO FESTIVO,Sábado,0,06,02
167,2021-02-14,NO FESTIVO,Domingo,0,07,02
168,2021-02-15,NO FESTIVO,Lunes,1,07,02
169,2021-02-16,NO FESTIVO,Martes,0,07,02
170,2021-02-17,NO FESTIVO,Miércoles,0,07,02
171,2021-02-18,NO FESTIVO,Jueves,0,07,02
172,2021-02-19,NO FESTIVO,Viernes,0,07,02
173,2021-02-20,NO FESTIVO,Sábado,0,07,02
174,2021-02-21,NO FESTIVO,Domingo,0,08,02
175,2021-02-22,NO FESTIVO,Lunes,0,08,02
176,2021-02-23,NO FESTIVO,Martes,0,08,02
177,2021-02-24,NO FESTIVO,Miércoles,0,08,02
178,2021-02-25,NO FESTIVO,Jueves,0,08,02
179,2021-02-26,NO FESTIVO,Viernes,0,08,02
180,2021-02-27,NO FESTIVO,Sábado,0,08,02
181,2021-02-28,NO FESTIVO,Domingo,0,09,02
182,2021-03-01,NO FESTIVO,Lunes,0,09,03
183,2021-03-02,NO FESTIVO,Martes,0,09,03
184,2021-03-03,NO FESTIVO,Miércoles,0,09,03
185,2021-03-04,NO FESTIVO,Jueves,0,09,03
186,2021-03-05,NO FESTIVO,Viernes,0,09,03
187,2021-03-06,NO FESTIVO,Sábado,0,09,03
188,2021-03-07,NO FESTIVO,Domingo,0,10,03
189,2021-03-08,NO FESTIVO,Lunes,0,10,03
190,2021-03-09,NO FESTIVO,Martes,0,10,03
191,2021-03-10,NO FESTIVO,Miércoles,0,10,03
192,2021-03-11,NO FESTIVO,Jueves,0,10,03
193,2021-03-12,NO FESTIVO,Viernes,0,10,03
194,2021-03-13,NO FESTIVO,Sábado,0,10,03
195,2021-03-14,NO FESTIVO,Domingo,0,11,03
196,2021-03-15,NO FESTIVO,Lunes,1,11,03
197,2021-03-16,NO FESTIVO,Martes,0,11,03
198,2021-03-17,NO FESTIVO,Miércoles,0,11,03
199,2021-03-18,NO FESTIVO,Jueves,0,11,03
200,2021-03-19,NO FESTIVO,Viernes,0,11,03
201,2021-03-20,NO FESTIVO,Sábado,0,11,03
202,2021-03-21,NO FESTIVO,Domingo,0,12,03
203,2021-03-22,FESTIVO,Lunes,0,12,03
204,2021-03-23,NO FESTIVO,Martes,0,12,03
205,2021-03-24,NO FESTIVO,Miércoles,0,12,03
206,2021-03-25,NO FESTIVO,Jueves,0,12,03
207,2021-03-26,NO FESTIVO,Viernes,0,12,03
208,2021-03-27,NO FESTIVO,Sábado,0,12,03
209,2021-03-28,SEM_SANTA,Domingo,0,13,03
210,2021-03-29,SEM_SANTA,Lunes,0,13,03
211,2021-03-30,SEM_SANTA,Martes,1,13,03
212,2021-03-31,SEM_SANTA,Miércoles,1,13,03
213,2021-04-01,SEM_SANTA,Jueves,0,13,04
214,2021-04-02,SEM_SANTA,Viernes,0,13,04
215,2021-04-03,SEM_SANTA,Sábado,0,13,04
216,2021-04-04,SEM_SANTA,Domingo,0,14,04
217,2021-04-05,NO FESTIVO,Lunes,0,14,04
218,2021-04-06,NO FESTIVO,Martes,0,14,04
219,2021-04-07,NO FESTIVO,Miércoles,0,14,04
220,2021-04-08,NO FESTIVO,Jueves,0,14,04
221,2021-04-09,NO FESTIVO,Viernes,0,14,04
222,2021-04-10,NO FESTIVO,Sábado,0,14,04
223,2021-04-11,NO FESTIVO,Domingo,0,15,04
224,2021-04-12,NO FESTIVO,Lunes,0,15,04
225,2021-04-13,NO FESTIVO,Martes,0,15,04
226,2021-04-14,NO FESTIVO,Miércoles,0,15,04
227,2021-04-15,NO FESTIVO,Jueves,1,15,04
228,2021-04-16,NO FESTIVO,Viernes,0,15,04
229,2021-04-17,NO FESTIVO,Sábado,0,15,04
230,2021-04-18,NO FESTIVO,Domingo,0,16,04
231,2021-04-19,NO FESTIVO,Lunes,0,16,04
232,2021-04-20,NO FESTIVO,Martes,0,16,04
233,2021-04-21,NO FESTIVO,Miércoles,0,16,04
234,2021-04-22,NO FESTIVO,Jueves,0,16,04
235,2021-04-23,NO FESTIVO,Viernes,0,16,04
236,2021-04-24,NO FESTIVO,Sábado,0,16,04
237,2021-04-25,NO FESTIVO,Domingo,0,17,04
238,2021-04-26,NO FESTIVO,Lunes,0,17,04
239,2021-04-27,NO FESTIVO,Martes,0,17,04
240,2021-04-28,NO FESTIVO,Miércoles,0,17,04
241,2021-04-29,NO FESTIVO,Jueves,0,17,04
242,2021-04-30,NO FESTIVO,Viernes,1,17,04
243,2021-05-01,FESTIVO,Sábado,0,17,05
244,2021-05-02,NO FESTIVO,Domingo,0,18,05
245,2021-05-03,NO FESTIVO,Lunes,0,18,05
246,2021-05-04,NO FESTIVO,Martes,0,18,05
247,2021-05-05,NO FESTIVO,Miércoles,0,18,05
248,2021-05-06,NO FESTIVO,Jueves,0,18,05
249,2021-05-07,NO FESTIVO,Viernes,0,18,05
250,2021-05-08,NO FESTIVO,Sábado,0,18,05
251,2021-05-09,MADRES,Domingo,0,19,05
252,2021-05-10,NO FESTIVO,Lunes,0,19,05
253,2021-05-11,NO FESTIVO,Martes,0,19,05
254,2021-05-12,NO FESTIVO,Miércoles,0,19,05
255,2021-05-13,NO FESTIVO,Jueves,0,19,05
256,2021-05-14,NO FESTIVO,Viernes,0,19,05
257,2021-05-15,NO FESTIVO,Sábado,1,19,05
258,2021-05-16,NO FESTIVO,Domingo,0,20,05
259,2021-05-17,FESTIVO,Lunes,0,20,05
260,2021-05-18,NO FESTIVO,Martes,0,20,05
261,2021-05-19,NO FESTIVO,Miércoles,0,20,05
262,2021-05-20,NO FESTIVO,Jueves,0,20,05
263,2021-05-21,NO FESTIVO,Viernes,0,20,05
264,2021-05-22,NO FESTIVO,Sábado,0,20,05
265,2021-05-23,NO FESTIVO,Domingo,0,21,05
266,2021-05-24,NO FESTIVO,Lunes,0,21,05
267,2021-05-25,NO FESTIVO,Martes,0,21,05
268,2021-05-26,NO FESTIVO,Miércoles,0,21,05
269,2021-05-27,NO FESTIVO,Jueves,0,21,05
270,2021-05-28,NO FESTIVO,Viernes,0,21,05
271,2021-05-29,NO FESTIVO,Sábado,0,21,05
272,2021-05-30,NO FESTIVO,Domingo,1,22,05
273,2021-05-31,NO FESTIVO,Lunes,1,22,05
274,2021-06-01,NO FESTIVO,Martes,0,22,06
275,2021-06-02,NO FESTIVO,Miércoles,0,22,06
276,2021-06-03,NO FESTIVO,Jueves,0,22,06
277,2021-06-04,NO FESTIVO,Viernes,0,22,06
278,2021-06-05,NO FESTIVO,Sábado,0,22,06
279,2021-06-06,NO FESTIVO,Domingo,0,23,06
280,2021-06-07,FESTIVO,Lunes,0,23,06
281,2021-06-08,NO FESTIVO,Martes,0,23,06
282,2021-06-09,NO FESTIVO,Miércoles,0,23,06
283,2021-06-10,NO FESTIVO,Jueves,0,23,06
284,2021-06-11,NO FESTIVO,Viernes,0,23,06
285,2021-06-12,NO FESTIVO,Sábado,0,23,06
286,2021-06-13,NO FESTIVO,Domingo,0,24,06
287,2021-06-14,FESTIVO,Lunes,0,24,06
288,2021-06-15,NO FESTIVO,Martes,1,24,06
289,2021-06-16,NO FESTIVO,Miércoles,0,24,06
290,2021-06-17,NO FESTIVO,Jueves,0,24,06
291,2021-06-18,NO FESTIVO,Viernes,0,24,06
292,2021-06-19,NO FESTIVO,Sábado,0,24,06
293,2021-06-20,NO FESTIVO,Domingo,0,25,06
294,2021-06-21,NO FESTIVO,Lunes,0,25,06
295,2021-06-22,NO FESTIVO,Martes,0,25,06
296,2021-06-23,NO FESTIVO,Miércoles,0,25,06
297,2021-06-24,NO FESTIVO,Jueves,0,25,06
298,2021-06-25,NO FESTIVO,Viernes,0,25,06
299,2021-06-26,NO FESTIVO,Sábado,0,25,06
300,2021-06-27,NO FESTIVO,Domingo,0,26,06
301,2021-06-28,NO FESTIVO,Lunes,0,26,06
302,2021-06-29,NO FESTIVO,Martes,0,26,06
303,2021-06-30,NO FESTIVO,Miércoles,1,26,06
304,2021-07-01,NO FESTIVO,Jueves,0,26,07
305,2021-07-02,NO FESTIVO,Viernes,0,26,07
306,2021-07-03,NO FESTIVO,Sábado,0,26,07
307,2021-07-04,NO FESTIVO,Domingo,0,27,07
308,2021-07-05,FESTIVO,Lunes,0,27,07
309,2021-07-06,NO FESTIVO,Martes,0,27,07
310,2021-07-07,NO FESTIVO,Miércoles,0,27,07
311,2021-07-08,NO FESTIVO,Jueves,0,27,07
312,2021-07-09,NO FESTIVO,Viernes,0,27,07
313,2021-07-10,NO FESTIVO,Sábado,0,27,07
314,2021-07-11,NO FESTIVO,Domingo,0,28,07
315,2021-07-12,NO FESTIVO,Lunes,0,28,07
316,2021-07-13,NO FESTIVO,Martes,0,28,07
317,2021-07-14,NO FESTIVO,Miércoles,0,28,07
318,2021-07-15,NO FESTIVO,Jueves,1,28,07
319,2021-07-16,NO FESTIVO,Viernes,0,28,07
320,2021-07-17,NO FESTIVO,Sábado,0,28,07
321,2021-07-18,NO FESTIVO,Domingo,0,29,07
322,2021-07-19,NO FESTIVO,Lunes,0,29,07
323,2021-07-20,FESTIVO,Martes,0,29,07
324,2021-07-21,NO FESTIVO,Miércoles,0,29,07
325,2021-07-22,NO FESTIVO,Jueves,0,29,07
326,2021-07-23,NO FESTIVO,Viernes,0,29,07
327,2021-07-24,NO FESTIVO,Sábado,0,29,07
328,2021-07-25,NO FESTIVO,Domingo,0,30,07
329,2021-07-26,NO FESTIVO,Lunes,0,30,07
330,2021-07-27,NO FESTIVO,Martes,0,30,07
331,2021-07-28,NO FESTIVO,Miércoles,0,30,07
332,2021-07-29,NO FESTIVO,Jueves,0,30,07
333,2021-07-30,NO FESTIVO,Viernes,1,30,07
334,2021-07-31,NO FESTIVO,Sábado,1,30,07
335,2021-08-01,NO FESTIVO,Domingo,0,31,08
336,2021-08-02,NO FESTIVO,Lunes,0,31,08
337,2021-08-03,NO FESTIVO,Martes,0,31,08
338,2021-08-04,NO FESTIVO,Miércoles,0,31,08
339,2021-08-05,NO FESTIVO,Jueves,0,31,08
340,2021-08-06,NO FESTIVO,Viernes,0,31,08
341,2021-08-07,FESTIVO,Sábado,0,31,08
342,2021-08-08,NO FESTIVO,Domingo,0,32,08
343,2021-08-09,NO FESTIVO,Lunes,0,32,08
344,2021-08-10,NO FESTIVO,Martes,0,32,08
345,2021-08-11,NO FESTIVO,Miércoles,0,32,08
346,2021-08-12,NO FESTIVO,Jueves,0,32,08
347,2021-08-13,NO FESTIVO,Viernes,0,32,08
348,2021-08-14,NO FESTIVO,Sábado,0,32,08
349,2021-08-15,NO FESTIVO,Domingo,1,33,08
350,2021-08-16,FESTIVO,Lunes,0,33,08
351,2021-08-17,NO FESTIVO,Martes,0,33,08
352,2021-08-18,NO FESTIVO,Miércoles,0,33,08
353,2021-08-19,NO FESTIVO,Jueves,0,33,08
354,2021-08-20,NO FESTIVO,Viernes,0,33,08
355,2021-08-21,NO FESTIVO,Sábado,0,33,08
356,2021-08-22,NO FESTIVO,Domingo,0,34,08
357,2021-08-23,NO FESTIVO,Lunes,0,34,08
358,2021-08-24,NO FESTIVO,Martes,0,34,08
359,2021-08-25,NO FESTIVO,Miércoles,0,34,08
360,2021-08-26,NO FESTIVO,Jueves,0,34,08
361,2021-08-27,NO FESTIVO,Viernes,0,34,08
362,2021-08-28,NO FESTIVO,Sábado,0,34,08
363,2021-08-29,NO FESTIVO,Domingo,0,35,08
364,2021-08-30,NO FESTIVO,Lunes,1,35,08
365,2021-08-31,NO FESTIVO,Martes,1,35,08
366,2021-09-01,NO FESTIVO,Miércoles,0,35,09
367,2021-09-02,NO FESTIVO,Jueves,0,35,09
368,2021-09-03,NO FESTIVO,Viernes,0,35,09
369,2021-09-04,NO FESTIVO,Sábado,0,35,09
370,2021-09-05,NO FESTIVO,Domingo,0,36,09
371,2021-09-06,NO FESTIVO,Lunes,0,36,09
372,2021-09-07,NO FESTIVO,Martes,0,36,09
373,2021-09-08,NO FESTIVO,Miércoles,0,36,09
374,2021-09-09,NO FESTIVO,Jueves,0,36,09
375,2021-09-10,NO FESTIVO,Viernes,0,36,09
376,2021-09-11,NO FESTIVO,Sábado,0,36,09
377,2021-09-12,NO FESTIVO,Domingo,0,37,09
378,2021-09-13,NO FESTIVO,Lunes,0,37,09
379,2021-09-14,NO FESTIVO,Martes,0,37,09
380,2021-09-15,NO FESTIVO,Miércoles,1,37,09
381,2021-09-16,NO FESTIVO,Jueves,0,37,09
382,2021-09-17,NO FESTIVO,Viernes,0,37,09
383,2021-09-18,NO FESTIVO,Sábado,0,37,09
384,2021-09-19,NO FESTIVO,Domingo,0,38,09
385,2021-09-20,NO FESTIVO,Lunes,0,38,09
386,2021-09-21,NO FESTIVO,Martes,0,38,09
387,2021-09-22,NO FESTIVO,Miércoles,0,38,09
388,2021-09-23,NO FESTIVO,Jueves,0,38,09
389,2021-09-24,NO FESTIVO,Viernes,0,38,09
390,2021-09-25,NO FESTIVO,Sábado,0,38,09
391,2021-09-26,NO FESTIVO,Domingo,0,39,09
392,2021-09-27,NO FESTIVO,Lunes,0,39,09
393,2021-09-28,NO FESTIVO,Martes,0,39,09
394,2021-09-29,NO FESTIVO,Miércoles,0,39,09
395,2021-09-30,NO FESTIVO,Jueves,1,39,09
396,2021-10-01,NO FESTIVO,Viernes,0,39,10
397,2021-10-02,NO FESTIVO,Sábado,0,39,10
398,2021-10-03,NO FESTIVO,Domingo,0,40,10
399,2021-10-04,NO FESTIVO,Lunes,0,40,10
400,2021-10-05,NO FESTIVO,Martes,0,40,10
401,2021-10-06,NO FESTIVO,Miércoles,0,40,10
402,2021-10-07,NO FESTIVO,Jueves,0,40,10
403,2021-10-08,NO FESTIVO,Viernes,0,40,10
404,2021-10-09,NO FESTIVO,Sábado,0,40,10
405,2021-10-10,NO FESTIVO,Domingo,0,41,10
406,2021-10-11,NO FESTIVO,Lunes,0,41,10
407,2021-10-12,NO FESTIVO,Martes,0,41,10
408,2021-10-13,NO FESTIVO,Miércoles,0,41,10
409,2021-10-14,NO FESTIVO,Jueves,0,41,10
410,2021-10-15,NO FESTIVO,Viernes,1,41,10
411,2021-10-16,NO FESTIVO,Sábado,0,41,10
412,2021-10-17,NO FESTIVO,Domingo,0,42,10
413,2021-10-18,FESTIVO,Lunes,0,42,10
414,2021-10-19,NO FESTIVO,Martes,0,42,10
415,2021-10-20,NO FESTIVO,Miércoles,0,42,10
416,2021-10-21,NO FESTIVO,Jueves,0,42,10
417,2021-10-22,NO FESTIVO,Viernes,0,42,10
418,2021-10-23,NO FESTIVO,Sábado,0,42,10
419,2021-10-24,NO FESTIVO,Domingo,0,43,10
420,2021-10-25,NO FESTIVO,Lunes,0,43,10
421,2021-10-26,NO FESTIVO,Martes,0,43,10
422,2021-10-27,NO FESTIVO,Miércoles,0,43,10
423,2021-10-28,NO FESTIVO,Jueves,0,43,10
424,2021-10-29,NO FESTIVO,Viernes,0,43,10
425,2021-10-30,NO FESTIVO,Sábado,1,43,10
426,2021-10-31,BRUJAS,Domingo,1,44,10
427,2021-11-01,FESTIVO,Lunes,0,44,11
428,2021-11-02,NO FESTIVO,Martes,0,44,11
429,2021-11-03,NO FESTIVO,Miércoles,0,44,11
430,2021-11-04,NO FESTIVO,Jueves,0,44,11
431,2021-11-05,NO FESTIVO,Viernes,0,44,11
432,2021-11-06,NO FESTIVO,Sábado,0,44,11
433,2021-11-07,NO FESTIVO,Domingo,0,45,11
434,2021-11-08,NO FESTIVO,Lunes,0,45,11
435,2021-11-09,NO FESTIVO,Martes,0,45,11
436,2021-11-10,NO FESTIVO,Miércoles,0,45,11
437,2021-11-11,NO FESTIVO,Jueves,0,45,11
438,2021-11-12,NO FESTIVO,Viernes,0,45,11
439,2021-11-13,NO FESTIVO,Sábado,0,45,11
440,2021-11-14,NO FESTIVO,Domingo,0,46,11
441,2021-11-15,FESTIVO,Lunes,1,46,11
442,2021-11-16,NO FESTIVO,Martes,0,46,11
443,2021-11-17,NO FESTIVO,Miércoles,0,46,11
444,2021-11-18,NO FESTIVO,Jueves,0,46,11
445,2021-11-19,NO FESTIVO,Viernes,0,46,11
446,2021-11-20,NO FESTIVO,Sábado,0,46,11
447,2021-11-21,NO FESTIVO,Domingo,0,47,11
448,2021-11-22,NO FESTIVO,Lunes,0,47,11
449,2021-11-23,NO FESTIVO,Martes,0,47,11
450,2021-11-24,NO FESTIVO,Miércoles,0,47,11
451,2021-11-25,NO FESTIVO,Jueves,0,47,11
452,2021-11-26,NO FESTIVO,Viernes,0,47,11
453,2021-11-27,NO FESTIVO,Sábado,0,47,11
454,2021-11-28,NO FESTIVO,Domingo,0,48,11
455,2021-11-29,NO FESTIVO,Lunes,0,48,11
456,2021-11-30,NO FESTIVO,Martes,1,48,11
457,2021-12-01,NO FESTIVO,Miércoles,0,48,12
458,2021-12-02,NO FESTIVO,Jueves,0,48,12
459,2021-12-03,NO FESTIVO,Viernes,0,48,12
460,2021-12-04,NO FESTIVO,Sábado,0,48,12
461,2021-12-05,NO FESTIVO,Domingo,0,49,12
462,2021-12-06,NO FESTIVO,Lunes,0,49,12
463,2021-12-07,NO FESTIVO,Martes,0,49,12
464,2021-12-08,FESTIVO,Miércoles,0,49,12
465,2021-12-09,NO FESTIVO,Jueves,0,49,12
466,2021-12-10,NO FESTIVO,Viernes,0,49,12
467,2021-12-11,NO FESTIVO,Sábado,0,49,12
468,2021-12-12,NO FESTIVO,Domingo,0,50,12
469,2021-12-13,NO FESTIVO,Lunes,0,50,12
470,2021-12-14,NO FESTIVO,Martes,0,50,12
471,2021-12-15,NO FESTIVO,Miércoles,1,50,12
472,2021-12-16,NO FESTIVO,Jueves,0,50,12
473,2021-12-17,NO FESTIVO,Viernes,0,50,12
474,2021-12-18,NO FESTIVO,Sábado,0,50,12
475,2021-12-19,NO FESTIVO,Domingo,0,51,12
476,2021-12-20,NO FESTIVO,Lunes,0,51,12
477,2021-12-21,NO FESTIVO,Martes,0,51,12
478,2021-12-22,NO FESTIVO,Miércoles,0,51,12
479,2021-12-23,NO FESTIVO,Jueves,0,51,12
480,2021-12-24,NAVIDAD,Viernes,0,51,12
481,2021-12-25,NAVIDAD,Sábado,0,51,12
482,2021-12-26,NO FESTIVO,Domingo,0,52,12
483,2021-12-27,NO FESTIVO,Lunes,0,52,12
484,2021-12-28,NO FESTIVO,Martes,0,52,12
485,2021-12-29,NO FESTIVO,Miércoles,0,52,12
486,2021-12-30,NO FESTIVO,Jueves,1,52,12
487,2021-12-31,NAVIDAD,Viernes,1,52,12
488,2022-01-01,A_NUEVO,Sábado,0,00,01
489,2022-01-02,NO FESTIVO,Domingo,0,01,01
490,2022-01-03,NO FESTIVO,Lunes,0,01,01
491,2022-01-04,NO FESTIVO,Martes,0,01,01
492,2022-01-05,NO FESTIVO,Miércoles,0,01,01
493,2022-01-06,NO FESTIVO,Jueves,0,01,01
494,2022-01-07,NO FESTIVO,Viernes,0,01,01
495,2022-01-08,NO FESTIVO,Sábado,0,01,01
496,2022-01-09,NO FESTIVO,Domingo,0,02,01
497,2022-01-10,FESTIVO,Lunes,0,02,01
498,2022-01-11,NO FESTIVO,Martes,0,02,01
499,2022-01-12,NO FESTIVO,Miércoles,0,02,01
500,2022-01-13,NO FESTIVO,Jueves,0,02,01
501,2022-01-14,NO FESTIVO,Viernes,0,02,01
502,2022-01-15,NO FESTIVO,Sábado,1,02,01
503,2022-01-16,NO FESTIVO,Domingo,0,03,01
504,2022-01-17,NO FESTIVO,Lunes,0,03,01
505,2022-01-18,NO FESTIVO,Martes,0,03,01
506,2022-01-19,NO FESTIVO,Miércoles,0,03,01
507,2022-01-20,NO FESTIVO,Jueves,0,03,01
508,2022-01-21,NO FESTIVO,Viernes,0,03,01
509,2022-01-22,NO FESTIVO,Sábado,0,03,01
510,2022-01-23,NO FESTIVO,Domingo,0,04,01
511,2022-01-24,NO FESTIVO,Lunes,0,04,01
512,2022-01-25,NO FESTIVO,Martes,0,04,01
513,2022-01-26,NO FESTIVO,Miércoles,0,04,01
514,2022-01-27,NO FESTIVO,Jueves,0,04,01
515,2022-01-28,NO FESTIVO,Viernes,0,04,01
516,2022-01-29,NO FESTIVO,Sábado,0,04,01
517,2022-01-30,NO FESTIVO,Domingo,1,05,01
518,2022-01-31,NO FESTIVO,Lunes,1,05,01
519,2022-02-01,NO FESTIVO,Martes,0,05,02
520,2022-02-02,NO FESTIVO,Miércoles,0,05,02
521,2022-02-03,NO FESTIVO,Jueves,0,05,02
522,2022-02-04,NO FESTIVO,Viernes,0,05,02
523,2022-02-05,NO FESTIVO,Sábado,0,05,02
524,2022-02-06,NO FESTIVO,Domingo,0,06,02
525,2022-02-07,NO FESTIVO,Lunes,0,06,02
526,2022-02-08,NO FESTIVO,Martes,0,06,02
527,2022-02-09,NO FESTIVO,Miércoles,0,06,02
528,2022-02-10,NO FESTIVO,Jueves,0,06,02
529,2022-02-11,NO FESTIVO,Viernes,0,06,02
530,2022-02-12,NO FESTIVO,Sábado,0,06,02
531,2022-02-13,NO FESTIVO,Domingo,0,07,02
532,2022-02-14,NO FESTIVO,Lunes,0,07,02
533,2022-02-15,NO FESTIVO,Martes,1,07,02
534,2022-02-16,NO FESTIVO,Miércoles,0,07,02
535,2022-02-17,NO FESTIVO,Jueves,0,07,02
536,2022-02-18,NO FESTIVO,Viernes,0,07,02
537,2022-02-19,NO FESTIVO,Sábado,0,07,02
538,2022-02-20,NO FESTIVO,Domingo,0,08,02
539,2022-02-21,NO FESTIVO,Lunes,0,08,02
540,2022-02-22,NO FESTIVO,Martes,0,08,02
541,2022-02-23,NO FESTIVO,Miércoles,0,08,02
542,2022-02-24,NO FESTIVO,Jueves,0,08,02
543,2022-02-25,NO FESTIVO,Viernes,0,08,02
544,2022-02-26,NO FESTIVO,Sábado,0,08,02
545,2022-02-27,NO FESTIVO,Domingo,0,09,02
546,2022-02-28,NO FESTIVO,Lunes,0,09,02
547,2022-03-01,NO FESTIVO,Martes,0,09,03
548,2022-03-02,NO FESTIVO,Miércoles,0,09,03
549,2022-03-03,NO FESTIVO,Jueves,0,09,03
550,2022-03-04,NO FESTIVO,Viernes,0,09,03
551,2022-03-05,NO FESTIVO,Sábado,0,09,03
552,2022-03-06,NO FESTIVO,Domingo,0,10,03
553,2022-03-07,NO FESTIVO,Lunes,0,10,03
554,2022-03-08,NO FESTIVO,Martes,0,10,03
555,2022-03-09,NO FESTIVO,Miércoles,0,10,03
556,2022-03-10,NO FESTIVO,Jueves,0,10,03
557,2022-03-11,NO FESTIVO,Viernes,0,10,03
558,2022-03-12,NO FESTIVO,Sábado,0,10,03
559,2022-03-13,NO FESTIVO,Domingo,0,11,03
560,2022-03-14,NO FESTIVO,Lunes,0,11,03
561,2022-03-15,NO FESTIVO,Martes,1,11,03
562,2022-03-16,NO FESTIVO,Miércoles,0,11,03
563,2022-03-17,NO FESTIVO,Jueves,0,11,03
564,2022-03-18,NO FESTIVO,Viernes,0,11,03
565,2022-03-19,NO FESTIVO,Sábado,0,11,03
566,2022-03-20,NO FESTIVO,Domingo,0,12,03
567,2022-03-21,FESTIVO,Lunes,0,12,03
568,2022-03-22,NO FESTIVO,Martes,0,12,03
569,2022-03-23,NO FESTIVO,Miércoles,0,12,03
570,2022-03-24,NO FESTIVO,Jueves,0,12,03
571,2022-03-25,NO FESTIVO,Viernes,0,12,03
572,2022-03-26,NO FESTIVO,Sábado,0,12,03
573,2022-03-27,NO FESTIVO,Domingo,0,13,03
574,2022-03-28,NO FESTIVO,Lunes,0,13,03
575,2022-03-29,NO FESTIVO,Martes,0,13,03
576,2022-03-30,NO FESTIVO,Miércoles,1,13,03
577,2022-03-31,NO FESTIVO,Jueves,1,13,03
578,2022-04-01,NO FESTIVO,Viernes,0,13,04
579,2022-04-02,NO FESTIVO,Sábado,0,13,04
580,2022-04-03,NO FESTIVO,Domingo,0,14,04
581,2022-04-04,NO FESTIVO,Lunes,0,14,04
582,2022-04-05,NO FESTIVO,Martes,0,14,04
583,2022-04-06,NO FESTIVO,Miércoles,0,14,04
584,2022-04-07,NO FESTIVO,Jueves,0,14,04
585,2022-04-08,NO FESTIVO,Viernes,0,14,04
586,2022-04-09,NO FESTIVO,Sábado,0,14,04
587,2022-04-10,SEM_SANTA,Domingo,0,15,04
588,2022-04-11,SEM_SANTA,Lunes,0,15,04
589,2022-04-12,SEM_SANTA,Martes,0,15,04
590,2022-04-13,SEM_SANTA,Miércoles,0,15,04
591,2022-04-14,SEM_SANTA,Jueves,0,15,04
592,2022-04-15,SEM_SANTA,Viernes,1,15,04
593,2022-04-16,SEM_SANTA,Sábado,0,15,04
594,2022-04-17,SEM_SANTA,Domingo,0,16,04
595,2022-04-18,NO FESTIVO,Lunes,0,16,04
596,2022-04-19,NO FESTIVO,Martes,0,16,04
597,2022-04-20,NO FESTIVO,Miércoles,0,16,04
598,2022-04-21,NO FESTIVO,Jueves,0,16,04
599,2022-04-22,NO FESTIVO,Viernes,0,16,04
600,2022-04-23,NO FESTIVO,Sábado,0,16,04
601,2022-04-24,NO FESTIVO,Domingo,0,17,04
602,2022-04-25,NO FESTIVO,Lunes,0,17,04
603,2022-04-26,NO FESTIVO,Martes,0,17,04
604,2022-04-27,NO FESTIVO,Miércoles,0,17,04
605,2022-04-28,NO FESTIVO,Jueves,0,17,04
606,2022-04-29,NO FESTIVO,Viernes,0,17,04
607,2022-04-30,NO FESTIVO,Sábado,1,17,04
608,2022-05-01,FESTIVO,Domingo,0,18,05
609,2022-05-02,NO FESTIVO,Lunes,0,18,05
610,2022-05-03,NO FESTIVO,Martes,0,18,05
611,2022-05-04,NO FESTIVO,Miércoles,0,18,05
612,2022-05-05,NO FESTIVO,Jueves,0,18,05
613,2022-05-06,NO FESTIVO,Viernes,0,18,05
614,2022-05-07,NO FESTIVO,Sábado,0,18,05
615,2022-05-08,MADRES,Domingo,0,19,05
616,2022-05-09,NO FESTIVO,Lunes,0,19,05
617,2022-05-10,NO FESTIVO,Martes,0,19,05
618,2022-05-11,NO FESTIVO,Miércoles,0,19,05
619,2022-05-12,NO FESTIVO,Jueves,0,19,05
620,2022-05-13,NO FESTIVO,Viernes,0,19,05
621,2022-05-14,NO FESTIVO,Sábado,0,19,05
622,2022-05-15,NO FESTIVO,Domingo,1,20,05
623,2022-05-16,NO FESTIVO,Lunes,0,20,05
624,2022-05-17,NO FESTIVO,Martes,0,20,05
625,2022-05-18,NO FESTIVO,Miércoles,0,20,05
626,2022-05-19,NO FESTIVO,Jueves,0,20,05
627,2022-05-20,NO FESTIVO,Viernes,0,20,05
628,2022-05-21,NO FESTIVO,Sábado,0,20,05
629,2022-05-22,NO FESTIVO,Domingo,0,21,05
630,2022-05-23,NO FESTIVO,Lunes,0,21,05
631,2022-05-24,NO FESTIVO,Martes,0,21,05
632,2022-05-25,NO FESTIVO,Miércoles,0,21,05
633,2022-05-26,NO FESTIVO,Jueves,0,21,05
634,2022-05-27,NO FESTIVO,Viernes,0,21,05
635,2022-05-28,NO FESTIVO,Sábado,0,21,05
636,2022-05-29,NO FESTIVO,Domingo,0,22,05
637,2022-05-30,FESTIVO,Lunes,1,22,05
638,2022-05-31,NO FESTIVO,Martes,1,22,05
639,2022-06-01,NO FESTIVO,Miércoles,0,22,06
640,2022-06-02,NO FESTIVO,Jueves,0,22,06
641,2022-06-03,NO FESTIVO,Viernes,0,22,06
642,2022-06-04,NO FESTIVO,Sábado,0,22,06
643,2022-06-05,NO FESTIVO,Domingo,0,23,06
644,2022-06-06,NO FESTIVO,Lunes,0,23,06
645,2022-06-07,NO FESTIVO,Martes,0,23,06
646,2022-06-08,NO FESTIVO,Miércoles,0,23,06
647,2022-06-09,NO FESTIVO,Jueves,0,23,06
648,2022-06-10,NO FESTIVO,Viernes,0,23,06
649,2022-06-11,NO FESTIVO,Sábado,0,23,06
650,2022-06-12,NO FESTIVO,Domingo,0,24,06
651,2022-06-13,NO FESTIVO,Lunes,0,24,06
652,2022-06-14,NO FESTIVO,Martes,0,24,06
653,2022-06-15,NO FESTIVO,Miércoles,1,24,06
654,2022-06-16,NO FESTIVO,Jueves,0,24,06
655,2022-06-17,NO FESTIVO,Viernes,0,24,06
656,2022-06-18,NO FESTIVO,Sábado,0,24,06
657,2022-06-19,NO FESTIVO,Domingo,0,25,06
658,2022-06-20,FESTIVO,Lunes,0,25,06
659,2022-06-21,NO FESTIVO,Martes,0,25,06
660,2022-06-22,NO FESTIVO,Miércoles,0,25,06
661,2022-06-23,NO FESTIVO,Jueves,0,25,06
662,2022-06-24,NO FESTIVO,Viernes,0,25,06
663,2022-06-25,NO FESTIVO,Sábado,0,25,06
664,2022-06-26,NO FESTIVO,Domingo,0,26,06
665,2022-06-27,FESTIVO,Lunes,0,26,06
666,2022-06-28,NO FESTIVO,Martes,0,26,06
667,2022-06-29,NO FESTIVO,Miércoles,0,26,06
668,2022-06-30,NO FESTIVO,Jueves,1,26,06
669,2022-07-01,NO FESTIVO,Viernes,0,26,07
670,2022-07-02,NO FESTIVO,Sábado,0,26,07
671,2022-07-03,NO FESTIVO,Domingo,0,27,07
672,2022-07-04,FESTIVO,Lunes,0,27,07
673,2022-07-05,NO FESTIVO,Martes,0,27,07
674,2022-07-06,NO FESTIVO,Miércoles,0,27,07
675,2022-07-07,NO FESTIVO,Jueves,0,27,07
676,2022-07-08,NO FESTIVO,Viernes,0,27,07
677,2022-07-09,NO FESTIVO,Sábado,0,27,07
678,2022-07-10,NO FESTIVO,Domingo,0,28,07
679,2022-07-11,NO FESTIVO,Lunes,0,28,07
680,2022-07-12,NO FESTIVO,Martes,0,28,07
681,2022-07-13,NO FESTIVO,Miércoles,0,28,07
682,2022-07-14,NO FESTIVO,Jueves,0,28,07
683,2022-07-15,NO FESTIVO,Viernes,1,28,07
684,2022-07-16,NO FESTIVO,Sábado,0,28,07
685,2022-07-17,NO FESTIVO,Domingo,0,29,07
686,2022-07-18,NO FESTIVO,Lunes,0,29,07
687,2022-07-19,NO FESTIVO,Martes,0,29,07
688,2022-07-20,FESTIVO,Miércoles,0,29,07
689,2022-07-21,NO FESTIVO,Jueves,0,29,07
690,2022-07-22,NO FESTIVO,Viernes,0,29,07
691,2022-07-23,NO FESTIVO,Sábado,0,29,07
692,2022-07-24,NO FESTIVO,Domingo,0,30,07
693,2022-07-25,NO FESTIVO,Lunes,0,30,07
694,2022-07-26,NO FESTIVO,Martes,0,30,07
695,2022-07-27,NO FESTIVO,Miércoles,0,30,07
696,2022-07-28,NO FESTIVO,Jueves,0,30,07
697,2022-07-29,NO FESTIVO,Viernes,0,30,07
698,2022-07-30,NO FESTIVO,Sábado,1,30,07
699,2022-07-31,NO FESTIVO,Domingo,1,31,07
700,2022-08-01,NO FESTIVO,Lunes,0,31,08
701,2022-08-02,NO FESTIVO,Martes,0,31,08
702,2022-08-03,NO FESTIVO,Miércoles,0,31,08
703,2022-08-04,NO FESTIVO,Jueves,0,31,08
704,2022-08-05,NO FESTIVO,Viernes,0,31,08
705,2022-08-06,NO FESTIVO,Sábado,0,31,08
706,2022-08-07,FESTIVO,Domingo,0,32,08
707,2022-08-08,NO FESTIVO,Lunes,0,32,08
708,2022-08-09,NO FESTIVO,Martes,0,32,08
709,2022-08-10,NO FESTIVO,Miércoles,0,32,08
710,2022-08-11,NO FESTIVO,Jueves,0,32,08
711,2022-08-12,NO FESTIVO,Viernes,0,32,08
712,2022-08-13,NO FESTIVO,Sábado,0,32,08
713,2022-08-14,NO FESTIVO,Domingo,0,33,08
714,2022-08-15,FESTIVO,Lunes,1,33,08
715,2022-08-16,NO FESTIVO,Martes,0,33,08
716,2022-08-17,NO FESTIVO,Miércoles,0,33,08
717,2022-08-18,NO FESTIVO,Jueves,0,33,08
718,2022-08-19,NO FESTIVO,Viernes,0,33,08
719,2022-08-20,NO FESTIVO,Sábado,0,33,08
720,2022-08-21,NO FESTIVO,Domingo,0,34,08
721,2022-08-22,NO FESTIVO,Lunes,0,34,08
722,2022-08-23,NO FESTIVO,Martes,0,34,08
723,2022-08-24,NO FESTIVO,Miércoles,0,34,08
724,2022-08-25,NO FESTIVO,Jueves,0,34,08
725,2022-08-26,NO FESTIVO,Viernes,0,34,08
726,2022-08-27,NO FESTIVO,Sábado,0,34,08
727,2022-08-28,NO FESTIVO,Domingo,0,35,08
728,2022-08-29,NO FESTIVO,Lunes,0,35,08
729,2022-08-30,NO FESTIVO,Martes,1,35,08
730,2022-08-31,NO FESTIVO,Miércoles,1,35,08
731,2022-09-01,NO FESTIVO,Jueves,0,35,09
732,2022-09-02,NO FESTIVO,Viernes,0,35,09
733,2022-09-03,NO FESTIVO,Sábado,0,35,09
734,2022-09-04,NO FESTIVO,Domingo,0,36,09
735,2022-09-05,NO FESTIVO,Lunes,0,36,09
736,2022-09-06,NO FESTIVO,Martes,0,36,09
737,2022-09-07,NO FESTIVO,Miércoles,0,36,09
738,2022-09-08,NO FESTIVO,Jueves,0,36,09
739,2022-09-09,NO FESTIVO,Viernes,0,36,09
740,2022-09-10,NO FESTIVO,Sábado,0,36,09
741,2022-09-11,NO FESTIVO,Domingo,0,37,09
742,2022-09-12,NO FESTIVO,Lunes,0,37,09
743,2022-09-13,NO FESTIVO,Martes,0,37,09
744,2022-09-14,NO FESTIVO,Miércoles,0,37,09
745,2022-09-15,NO FESTIVO,Jueves,1,37,09
746,2022-09-16,NO FESTIVO,Viernes,0,37,09
747,2022-09-17,NO FESTIVO,Sábado,0,37,09
748,2022-09-18,NO FESTIVO,Domingo,0,38,09
749,2022-09-19,NO FESTIVO,Lunes,0,38,09
750,2022-09-20,NO FESTIVO,Martes,0,38,09
751,2022-09-21,NO FESTIVO,Miércoles,0,38,09
752,2022-09-22,NO FESTIVO,Jueves,0,38,09
753,2022-09-23,NO FESTIVO,Viernes,0,38,09
754,2022-09-24,NO FESTIVO,Sábado,0,38,09
755,2022-09-25,NO FESTIVO,Domingo,0,39,09
756,2022-09-26,NO FESTIVO,Lunes,0,39,09
757,2022-09-27,NO FESTIVO,Martes,0,39,09
758,2022-09-28,NO FESTIVO,Miércoles,0,39,09
759,2022-09-29,NO FESTIVO,Jueves,0,39,09
760,2022-09-30,NO FESTIVO,Viernes,1,39,09
761,2022-10-01,NO FESTIVO,Sábado,0,39,10
762,2022-10-02,NO FESTIVO,Domingo,0,40,10
763,2022-10-03,NO FESTIVO,Lunes,0,40,10
764,2022-10-04,NO FESTIVO,Martes,0,40,10
765,2022-10-05,NO FESTIVO,Miércoles,0,40,10
766,2022-10-06,NO FESTIVO,Jueves,0,40,10
767,2022-10-07,NO FESTIVO,Viernes,0,40,10
768,2022-10-08,NO FESTIVO,Sábado,0,40,10
769,2022-10-09,NO FESTIVO,Domingo,0,41,10
770,2022-10-10,NO FESTIVO,Lunes,0,41,10
771,2022-10-11,NO FESTIVO,Martes,0,41,10
772,2022-10-12,NO FESTIVO,Miércoles,0,41,10
773,2022-10-13,NO FESTIVO,Jueves,0,41,10
774,2022-10-14,NO FESTIVO,Viernes,0,41,10
775,2022-10-15,NO FESTIVO,Sábado,1,41,10
776,2022-10-16,NO FESTIVO,Domingo,0,42,10
777,2022-10-17,FESTIVO,Lunes,0,42,10
778,2022-10-18,NO FESTIVO,Martes,0,42,10
779,2022-10-19,NO FESTIVO,Miércoles,0,42,10
780,2022-10-20,NO FESTIVO,Jueves,0,42,10
781,2022-10-21,NO FESTIVO,Viernes,0,42,10
782,2022-10-22,NO FESTIVO,Sábado,0,42,10
783,2022-10-23,NO FESTIVO,Domingo,0,43,10
784,2022-10-24,NO FESTIVO,Lunes,0,43,10
785,2022-10-25,NO FESTIVO,Martes,0,43,10
786,2022-10-26,NO FESTIVO,Miércoles,0,43,10
787,2022-10-27,NO FESTIVO,Jueves,0,43,10
788,2022-10-28,NO FESTIVO,Viernes,0,43,10
789,2022-10-29,NO FESTIVO,Sábado,0,43,10
790,2022-10-30,NO FESTIVO,Domingo,1,44,10
791,2022-10-31,BRUJAS,Lunes,1,44,10
792,2022-11-01,NO FESTIVO,Martes,0,44,11
793,2022-11-02,NO FESTIVO,Miércoles,0,44,11
794,2022-11-03,NO FESTIVO,Jueves,0,44,11
795,2022-11-04,NO FESTIVO,Viernes,0,44,11
796,2022-11-05,NO FESTIVO,Sábado,0,44,11
797,2022-11-06,NO FESTIVO,Domingo,0,45,11
798,2022-11-07,FESTIVO,Lunes,0,45,11
799,2022-11-08,NO FESTIVO,Martes,0,45,11
800,2022-11-09,NO FESTIVO,Miércoles,0,45,11
801,2022-11-10,NO FESTIVO,Jueves,0,45,11
802,2022-11-11,NO FESTIVO,Viernes,0,45,11
803,2022-11-12,NO FESTIVO,Sábado,0,45,11
804,2022-11-13,NO FESTIVO,Domingo,0,46,11
805,2022-11-14,FESTIVO,Lunes,0,46,11
806,2022-11-15,NO FESTIVO,Martes,1,46,11
807,2022-11-16,NO FESTIVO,Miércoles,0,46,11
808,2022-11-17,NO FESTIVO,Jueves,0,46,11
809,2022-11-18,NO FESTIVO,Viernes,0,46,11
810,2022-11-19,NO FESTIVO,Sábado,0,46,11
811,2022-11-20,NO FESTIVO,Domingo,0,47,11
812,2022-11-21,NO FESTIVO,Lunes,0,47,11
813,2022-11-22,NO FESTIVO,Martes,0,47,11
814,2022-11-23,NO FESTIVO,Miércoles,0,47,11
815,2022-11-24,NO FESTIVO,Jueves,0,47,11
816,2022-11-25,NO FESTIVO,Viernes,0,47,11
817,2022-11-26,NO FESTIVO,Sábado,0,47,11
818,2022-11-27,NO FESTIVO,Domingo,0,48,11
819,2022-11-28,NO FESTIVO,Lunes,0,48,11
820,2022-11-29,NO FESTIVO,Martes,0,48,11
821,2022-11-30,NO FESTIVO,Miércoles,1,48,11
822,2022-12-01,NO FESTIVO,Jueves,0,48,12
823,2022-12-02,NO FESTIVO,Viernes,0,48,12
824,2022-12-03,NO FESTIVO,Sábado,0,48,12
825,2022-12-04,NO FESTIVO,Domingo,0,49,12
826,2022-12-05,NO FESTIVO,Lunes,0,49,12
827,2022-12-06,NO FESTIVO,Martes,0,49,12
828,2022-12-07,NO FESTIVO,Miércoles,0,49,12
829,2022-12-08,FESTIVO,Jueves,0,49,12
830,2022-12-09,NO FESTIVO,Viernes,0,49,12
831,2022-12-10,NO FESTIVO,Sábado,0,49,12
832,2022-12-11,NO FESTIVO,Domingo,0,50,12
833,2022-12-12,NO FESTIVO,Lunes,0,50,12
834,2022-12-13,NO FESTIVO,Martes,0,50,12
835,2022-12-14,NO FESTIVO,Miércoles,0,50,12
836,2022-12-15,NO FESTIVO,Jueves,1,50,12
837,2022-12-16,NO FESTIVO,Viernes,0,50,12
838,2022-12-17,NO FESTIVO,Sábado,0,50,12
839,2022-12-18,NO FESTIVO,Domingo,0,51,12
840,2022-12-19,NO FESTIVO,Lunes,0,51,12
841,2022-12-20,NO FESTIVO,Martes,0,51,12
842,2022-12-21,NO FESTIVO,Miércoles,0,51,12
843,2022-12-22,NO FESTIVO,Jueves,0,51,12
844,2022-12-23,NO FESTIVO,Viernes,0,51,12
845,2022-12-24,NAVIDAD,Sábado,0,51,12
846,2022-12-25,NAVIDAD,Domingo,0,52,12
847,2022-12-26,NO FESTIVO,Lunes,0,52,12
848,2022-12-27,NO FESTIVO,Martes,0,52,12
849,2022-12-28,NO FESTIVO,Miércoles,0,52,12
850,2022-12-29,NO FESTIVO,Jueves,0,52,12
851,2022-12-30,NO FESTIVO,Viernes,1,52,12
852,2022-12-31,NAVIDAD,Sábado,1,52,12
853,2023-01-01,A_NUEVO,Domingo,0,01,01
854,2023-01-02,NO FESTIVO,Lunes,0,01,01
855,2023-01-03,NO FESTIVO,Martes,0,01,01
856,2023-01-04,NO FESTIVO,Miércoles,0,01,01
857,2023-01-05,NO FESTIVO,Jueves,0,01,01
858,2023-01-06,NO FESTIVO,Viernes,0,01,01
859,2023-01-07,NO FESTIVO,Sábado,0,01,01
860,2023-01-08,NO FESTIVO,Domingo,0,02,01
861,2023-01-09,FESTIVO,Lunes,0,02,01
862,2023-01-10,NO FESTIVO,Martes,0,02,01
863,2023-01-11,NO FESTIVO,Miércoles,0,02,01
864,2023-01-12,NO FESTIVO,Jueves,0,02,01
865,2023-01-13,NO FESTIVO,Viernes,0,02,01
866,2023-01-14,NO FESTIVO,Sábado,0,02,01
867,2023-01-15,NO FESTIVO,Domingo,1,03,01
868,2023-01-16,NO FESTIVO,Lunes,0,03,01
869,2023-01-17,NO FESTIVO,Martes,0,03,01
870,2023-01-18,NO FESTIVO,Miércoles,0,03,01
871,2023-01-19,NO FESTIVO,Jueves,0,03,01
872,2023-01-20,NO FESTIVO,Viernes,0,03,01
873,2023-01-21,NO FESTIVO,Sábado,0,03,01
874,2023-01-22,NO FESTIVO,Domingo,0,04,01
875,2023-01-23,NO FESTIVO,Lunes,0,04,01
876,2023-01-24,NO FESTIVO,Martes,0,04,01
877,2023-01-25,NO FESTIVO,Miércoles,0,04,01
878,2023-01-26,NO FESTIVO,Jueves,0,04,01
879,2023-01-27,NO FESTIVO,Viernes,0,04,01
880,2023-01-28,NO FESTIVO,Sábado,0,04,01
881,2023-01-29,NO FESTIVO,Domingo,0,05,01
882,2023-01-30,NO FESTIVO,Lunes,1,05,01
883,2023-01-31,NO FESTIVO,Martes,1,05,01
884,2023-02-01,NO FESTIVO,Miércoles,0,05,02
885,2023-02-02,NO FESTIVO,Jueves,0,05,02
886,2023-02-03,NO FESTIVO,Viernes,0,05,02
887,2023-02-04,NO FESTIVO,Sábado,0,05,02
888,2023-02-05,NO FESTIVO,Domingo,0,06,02
889,2023-02-06,NO FESTIVO,Lunes,0,06,02
890,2023-02-07,NO FESTIVO,Martes,0,06,02
891,2023-02-08,NO FESTIVO,Miércoles,0,06,02
892,2023-02-09,NO FESTIVO,Jueves,0,06,02
893,2023-02-10,NO FESTIVO,Viernes,0,06,02
894,2023-02-11,NO FESTIVO,Sábado,0,06,02
895,2023-02-12,NO FESTIVO,Domingo,0,07,02
896,2023-02-13,NO FESTIVO,Lunes,0,07,02
897,2023-02-14,NO FESTIVO,Martes,0,07,02
898,2023-02-15,NO FESTIVO,Miércoles,1,07,02
899,2023-02-16,NO FESTIVO,Jueves,0,07,02
900,2023-02-17,NO FESTIVO,Viernes,0,07,02
901,2023-02-18,NO FESTIVO,Sábado,0,07,02
902,2023-02-19,NO FESTIVO,Domingo,0,08,02
903,2023-02-20,NO FESTIVO,Lunes,0,08,02
904,2023-02-21,NO FESTIVO,Martes,0,08,02
905,2023-02-22,NO FESTIVO,Miércoles,0,08,02
906,2023-02-23,NO FESTIVO,Jueves,0,08,02
907,2023-02-24,NO FESTIVO,Viernes,0,08,02
908,2023-02-25,NO FESTIVO,Sábado,0,08,02
909,2023-02-26,NO FESTIVO,Domingo,0,09,02
910,2023-02-27,NO FESTIVO,Lunes,0,09,02
911,2023-02-28,NO FESTIVO,Martes,0,09,02
912,2023-03-01,NO FESTIVO,Miércoles,0,09,03
913,2023-03-02,NO FESTIVO,Jueves,0,09,03
914,2023-03-03,NO FESTIVO,Viernes,0,09,03
915,2023-03-04,NO FESTIVO,Sábado,0,09,03
916,2023-03-05,NO FESTIVO,Domingo,0,10,03
917,2023-03-06,NO FESTIVO,Lunes,0,10,03
918,2023-03-07,NO FESTIVO,Martes,0,10,03
919,2023-03-08,NO FESTIVO,Miércoles,0,10,03
920,2023-03-09,NO FESTIVO,Jueves,0,10,03
921,2023-03-10,NO FESTIVO,Viernes,0,10,03
922,2023-03-11,NO FESTIVO,Sábado,0,10,03
923,2023-03-12,NO FESTIVO,Domingo,0,11,03
924,2023-03-13,NO FESTIVO,Lunes,0,11,03
925,2023-03-14,NO FESTIVO,Martes,0,11,03
926,2023-03-15,NO FESTIVO,Miércoles,1,11,03
927,2023-03-16,NO FESTIVO,Jueves,0,11,03
928,2023-03-17,NO FESTIVO,Viernes,0,11,03
929,2023-03-18,NO FESTIVO,Sábado,0,11,03
930,2023-03-19,NO FESTIVO,Domingo,0,12,03
931,2023-03-20,FESTIVO,Lunes,0,12,03
932,2023-03-21,NO FESTIVO,Martes,0,12,03
933,2023-03-22,NO FESTIVO,Miércoles,0,12,03
934,2023-03-23,NO FESTIVO,Jueves,0,12,03
935,2023-03-24,NO FESTIVO,Viernes,0,12,03
936,2023-03-25,NO FESTIVO,Sábado,0,12,03
937,2023-03-26,NO FESTIVO,Domingo,0,13,03
938,2023-03-27,NO FESTIVO,Lunes,0,13,03
939,2023-03-28,NO FESTIVO,Martes,0,13,03
940,2023-03-29,NO FESTIVO,Miércoles,0,13,03
941,2023-03-30,NO FESTIVO,Jueves,1,13,03
942,2023-03-31,NO FESTIVO,Viernes,1,13,03
943,2023-04-01,NO FESTIVO,Sábado,0,13,04
944,2023-04-02,SEM_SANTA,Domingo,0,14,04
945,2023-04-03,SEM_SANTA,Lunes,0,14,04
946,2023-04-04,SEM_SANTA,Martes,0,14,04
947,2023-04-05,SEM_SANTA,Miércoles,0,14,04
948,2023-04-06,SEM_SANTA,Jueves,0,14,04
949,2023-04-07,SEM_SANTA,Viernes,0,14,04
950,2023-04-08,SEM_SANTA,Sábado,0,14,04
951,2023-04-09,SEM_SANTA,Domingo,0,15,04
952,2023-04-10,NO FESTIVO,Lunes,0,15,04
953,2023-04-11,NO FESTIVO,Martes,0,15,04
954,2023-04-12,NO FESTIVO,Miércoles,0,15,04
955,2023-04-13,NO FESTIVO,Jueves,0,15,04
956,2023-04-14,NO FESTIVO,Viernes,0,15,04
957,2023-04-15,NO FESTIVO,Sábado,1,15,04
958,2023-04-16,NO FESTIVO,Domingo,0,16,04
959,2023-04-17,NO FESTIVO,Lunes,0,16,04
960,2023-04-18,NO FESTIVO,Martes,0,16,04
961,2023-04-19,NO FESTIVO,Miércoles,0,16,04
962,2023-04-20,NO FESTIVO,Jueves,0,16,04
963,2023-04-21,NO FESTIVO,Viernes,0,16,04
964,2023-04-22,NO FESTIVO,Sábado,0,16,04
965,2023-04-23,NO FESTIVO,Domingo,0,17,04
966,2023-04-24,NO FESTIVO,Lunes,0,17,04
967,2023-04-25,NO FESTIVO,Martes,0,17,04
968,2023-04-26,NO FESTIVO,Miércoles,0,17,04
969,2023-04-27,NO FESTIVO,Jueves,0,17,04
970,2023-04-28,NO FESTIVO,Viernes,0,17,04
971,2023-04-29,NO FESTIVO,Sábado,0,17,04
972,2023-04-30,NO FESTIVO,Domingo,1,18,04
973,2023-05-01,FESTIVO,Lunes,0,18,05
974,2023-05-02,NO FESTIVO,Martes,0,18,05
975,2023-05-03,NO FESTIVO,Miércoles,0,18,05
976,2023-05-04,NO FESTIVO,Jueves,0,18,05
977,2023-05-05,NO FESTIVO,Viernes,0,18,05
978,2023-05-06,NO FESTIVO,Sábado,0,18,05
979,2023-05-07,NO FESTIVO,Domingo,0,19,05
980,2023-05-08,NO FESTIVO,Lunes,0,19,05
981,2023-05-09,NO FESTIVO,Martes,0,19,05
982,2023-05-10,NO FESTIVO,Miércoles,0,19,05
983,2023-05-11,NO FESTIVO,Jueves,0,19,05
984,2023-05-12,NO FESTIVO,Viernes,0,19,05
985,2023-05-13,NO FESTIVO,Sábado,0,19,05
986,2023-05-14,MADRES,Domingo,0,20,05
987,2023-05-15,NO FESTIVO,Lunes,1,20,05
988,2023-05-16,NO FESTIVO,Martes,0,20,05
989,2023-05-17,NO FESTIVO,Miércoles,0,20,05
990,2023-05-18,NO FESTIVO,Jueves,0,20,05
991,2023-05-19,NO FESTIVO,Viernes,0,20,05
992,2023-05-20,NO FESTIVO,Sábado,0,20,05
993,2023-05-21,NO FESTIVO,Domingo,0,21,05
994,2023-05-22,FESTIVO,Lunes,0,21,05
995,2023-05-23,NO FESTIVO,Martes,0,21,05
996,2023-05-24,NO FESTIVO,Miércoles,0,21,05
997,2023-05-25,NO FESTIVO,Jueves,0,21,05
998,2023-05-26,NO FESTIVO,Viernes,0,21,05
999,2023-05-27,NO FESTIVO,Sábado,0,21,05
1000,2023-05-28,NO FESTIVO,Domingo,0,22,05
1001,2023-05-29,NO FESTIVO,Lunes,0,22,05
1002,2023-05-30,NO FESTIVO,Martes,1,22,05
1003,2023-05-31,NO FESTIVO,Miércoles,1,22,05
1004,2023-06-01,NO FESTIVO,Jueves,0,22,06
1005,2023-06-02,NO FESTIVO,Viernes,0,22,06
1006,2023-06-03,NO FESTIVO,Sábado,0,22,06
1007,2023-06-04,NO FESTIVO,Domingo,0,23,06
1008,2023-06-05,NO FESTIVO,Lunes,0,23,06
1009,2023-06-06,NO FESTIVO,Martes,0,23,06
1010,2023-06-07,NO FESTIVO,Miércoles,0,23,06
1011,2023-06-08,NO FESTIVO,Jueves,0,23,06
1012,2023-06-09,NO FESTIVO,Viernes,0,23,06
1013,2023-06-10,NO FESTIVO,Sábado,0,23,06
1014,2023-06-11,NO FESTIVO,Domingo,0,24,06
1015,2023-06-12,FESTIVO,Lunes,0,24,06
1016,2023-06-13,NO FESTIVO,Martes,0,24,06
1017,2023-06-14,NO FESTIVO,Miércoles,0,24,06
1018,2023-06-15,NO FESTIVO,Jueves,1,24,06
1019,2023-06-16,NO FESTIVO,Viernes,0,24,06
1020,2023-06-17,NO FESTIVO,Sábado,0,24,06
1021,2023-06-18,NO FESTIVO,Domingo,0,25,06
1022,2023-06-19,FESTIVO,Lunes,0,25,06
1023,2023-06-20,NO FESTIVO,Martes,0,25,06
1024,2023-06-21,NO FESTIVO,Miércoles,0,25,06
1025,2023-06-22,NO FESTIVO,Jueves,0,25,06
1026,2023-06-23,NO FESTIVO,Viernes,0,25,06
1027,2023-06-24,NO FESTIVO,Sábado,0,25,06
1028,2023-06-25,NO FESTIVO,Domingo,0,26,06
1029,2023-06-26,NO FESTIVO,Lunes,0,26,06
1030,2023-06-27,NO FESTIVO,Martes,0,26,06
1031,2023-06-28,NO FESTIVO,Miércoles,0,26,06
1032,2023-06-29,NO FESTIVO,Jueves,0,26,06
1033,2023-06-30,NO FESTIVO,Viernes,1,26,06
1034,2023-07-01,NO FESTIVO,Sábado,0,26,07
1035,2023-07-02,NO FESTIVO,Domingo,0,27,07
1036,2023-07-03,FESTIVO,Lunes,0,27,07
1037,2023-07-04,NO FESTIVO,Martes,0,27,07
1038,2023-07-05,NO FESTIVO,Miércoles,0,27,07
1039,2023-07-06,NO FESTIVO,Jueves,0,27,07
1040,2023-07-07,NO FESTIVO,Viernes,0,27,07
1041,2023-07-08,NO FESTIVO,Sábado,0,27,07
1042,2023-07-09,NO FESTIVO,Domingo,0,28,07
1043,2023-07-10,NO FESTIVO,Lunes,0,28,07
1044,2023-07-11,NO FESTIVO,Martes,0,28,07
1045,2023-07-12,NO FESTIVO,Miércoles,0,28,07
1046,2023-07-13,NO FESTIVO,Jueves,0,28,07
1047,2023-07-14,NO FESTIVO,Viernes,0,28,07
1048,2023-07-15,NO FESTIVO,Sábado,1,28,07
1049,2023-07-16,NO FESTIVO,Domingo,0,29,07
1050,2023-07-17,NO FESTIVO,Lunes,0,29,07
1051,2023-07-18,NO FESTIVO,Martes,0,29,07
1052,2023-07-19,NO FESTIVO,Miércoles,0,29,07
1053,2023-07-20,FESTIVO,Jueves,0,29,07
1054,2023-07-21,NO FESTIVO,Viernes,0,29,07
1055,2023-07-22,NO FESTIVO,Sábado,0,29,07
1056,2023-07-23,NO FESTIVO,Domingo,0,30,07
1057,2023-07-24,NO FESTIVO,Lunes,0,30,07
1058,2023-07-25,NO FESTIVO,Martes,0,30,07
1059,2023-07-26,NO FESTIVO,Miércoles,0,30,07
1060,2023-07-27,NO FESTIVO,Jueves,0,30,07
1061,2023-07-28,NO FESTIVO,Viernes,0,30,07
1062,2023-07-29,NO FESTIVO,Sábado,0,30,07
1063,2023-07-30,NO FESTIVO,Domingo,1,31,07
1064,2023-07-31,NO FESTIVO,Lunes,1,31,07
1065,2023-08-01,NO FESTIVO,Martes,0,31,08
1066,2023-08-02,NO FESTIVO,Miércoles,0,31,08
1067,2023-08-03,NO FESTIVO,Jueves,0,31,08
1068,2023-08-04,NO FESTIVO,Viernes,0,31,08
1069,2023-08-05,NO FESTIVO,Sábado,0,31,08
1070,2023-08-06,NO FESTIVO,Domingo,0,32,08
1071,2023-08-07,FESTIVO,Lunes,0,32,08
1072,2023-08-08,NO FESTIVO,Martes,0,32,08
1073,2023-08-09,NO FESTIVO,Miércoles,0,32,08
1074,2023-08-10,NO FESTIVO,Jueves,0,32,08
1075,2023-08-11,NO FESTIVO,Viernes,0,32,08
1076,2023-08-12,NO FESTIVO,Sábado,0,32,08
1077,2023-08-13,NO FESTIVO,Domingo,0,33,08
1078,2023-08-14,NO FESTIVO,Lunes,0,33,08
1079,2023-08-15,NO FESTIVO,Martes,1,33,08
1080,2023-08-16,NO FESTIVO,Miércoles,0,33,08
1081,2023-08-17,NO FESTIVO,Jueves,0,33,08
1082,2023-08-18,NO FESTIVO,Viernes,0,33,08
1083,2023-08-19,NO FESTIVO,Sábado,0,33,08
1084,2023-08-20,NO FESTIVO,Domingo,0,34,08
1085,2023-08-21,FESTIVO,Lunes,0,34,08
1086,2023-08-22,NO FESTIVO,Martes,0,34,08
1087,2023-08-23,NO FESTIVO,Miércoles,0,34,08
1088,2023-08-24,NO FESTIVO,Jueves,0,34,08
1089,2023-08-25,NO FESTIVO,Viernes,0,34,08
1090,2023-08-26,NO FESTIVO,Sábado,0,34,08
1091,2023-08-27,NO FESTIVO,Domingo,0,35,08
1092,2023-08-28,NO FESTIVO,Lunes,0,35,08
1093,2023-08-29,NO FESTIVO,Martes,0,35,08
1094,2023-08-30,NO FESTIVO,Miércoles,1,35,08
1095,2023-08-31,NO FESTIVO,Jueves,1,35,08
1096,2023-09-01,NO FESTIVO,Viernes,0,35,09
1097,2023-09-02,NO FESTIVO,Sábado,0,35,09
1098,2023-09-03,NO FESTIVO,Domingo,0,36,09
1099,2023-09-04,NO FESTIVO,Lunes,0,36,09
1100,2023-09-05,NO FESTIVO,Martes,0,36,09
1101,2023-09-06,NO FESTIVO,Miércoles,0,36,09
1102,2023-09-07,NO FESTIVO,Jueves,0,36,09
1103,2023-09-08,NO FESTIVO,Viernes,0,36,09
1104,2023-09-09,NO FESTIVO,Sábado,0,36,09
1105,2023-09-10,NO FESTIVO,Domingo,0,37,09
1106,2023-09-11,NO FESTIVO,Lunes,0,37,09
1107,2023-09-12,NO FESTIVO,Martes,0,37,09
1108,2023-09-13,NO FESTIVO,Miércoles,0,37,09
1109,2023-09-14,NO FESTIVO,Jueves,0,37,09
1110,2023-09-15,NO FESTIVO,Viernes,1,37,09
1111,2023-09-16,NO FESTIVO,Sábado,0,37,09
1112,2023-09-17,NO FESTIVO,Domingo,0,38,09
1113,2023-09-18,NO FESTIVO,Lunes,0,38,09
1114,2023-09-19,NO FESTIVO,Martes,0,38,09
1115,2023-09-20,NO FESTIVO,Miércoles,0,38,09
1116,2023-09-21,NO FESTIVO,Jueves,0,38,09
1117,2023-09-22,NO FESTIVO,Viernes,0,38,09
1118,2023-09-23,NO FESTIVO,Sábado,0,38,09
1119,2023-09-24,NO FESTIVO,Domingo,0,39,09
1120,2023-09-25,NO FESTIVO,Lunes,0,39,09
1121,2023-09-26,NO FESTIVO,Martes,0,39,09
1122,2023-09-27,NO FESTIVO,Miércoles,0,39,09
1123,2023-09-28,NO FESTIVO,Jueves,0,39,09
1124,2023-09-29,NO FESTIVO,Viernes,0,39,09
1125,2023-09-30,NO FESTIVO,Sábado,1,39,09
1126,2023-10-01,NO FESTIVO,Domingo,0,40,10
1127,2023-10-02,NO FESTIVO,Lunes,0,40,10
1128,2023-10-03,NO FESTIVO,Martes,0,40,10
1129,2023-10-04,NO FESTIVO,Miércoles,0,40,10
1130,2023-10-05,NO FESTIVO,Jueves,0,40,10
1131,2023-10-06,NO FESTIVO,Viernes,0,40,10
1132,2023-10-07,NO FESTIVO,Sábado,0,40,10
1133,2023-10-08,NO FESTIVO,Domingo,0,41,10
1134,2023-10-09,NO FESTIVO,Lunes,0,41,10
1135,2023-10-10,NO FESTIVO,Martes,0,41,10
1136,2023-10-11,NO FESTIVO,Miércoles,0,41,10
1137,2023-10-12,NO FESTIVO,Jueves,0,41,10
1138,2023-10-13,NO FESTIVO,Viernes,0,41,10
1139,2023-10-14,NO FESTIVO,Sábado,0,41,10
1140,2023-10-15,NO FESTIVO,Domingo,1,42,10
1141,2023-10-16,FESTIVO,Lunes,0,42,10
1142,2023-10-17,NO FESTIVO,Martes,0,42,10
1143,2023-10-18,NO FESTIVO,Miércoles,0,42,10
1144,2023-10-19,NO FESTIVO,Jueves,0,42,10
1145,2023-10-20,NO FESTIVO,Viernes,0,42,10
1146,2023-10-21,NO FESTIVO,Sábado,0,42,10
1147,2023-10-22,NO FESTIVO,Domingo,0,43,10
1148,2023-10-23,NO FESTIVO,Lunes,0,43,10
1149,2023-10-24,NO FESTIVO,Martes,0,43,10
1150,2023-10-25,NO FESTIVO,Miércoles,0,43,10
1151,2023-10-26,NO FESTIVO,Jueves,0,43,10
1152,2023-10-27,NO FESTIVO,Viernes,0,43,10
1153,2023-10-28,NO FESTIVO,Sábado,0,43,10
1154,2023-10-29,NO FESTIVO,Domingo,0,44,10
1155,2023-10-30,NO FESTIVO,Lunes,1,44,10
1156,2023-10-31,BRUJAS,Martes,1,44,10
1157,2023-11-01,NO FESTIVO,Miércoles,0,44,11
1158,2023-11-02,NO FESTIVO,Jueves,0,44,11
1159,2023-11-03,NO FESTIVO,Viernes,0,44,11
1160,2023-11-04,NO FESTIVO,Sábado,0,44,11
1161,2023-11-05,NO FESTIVO,Domingo,0,45,11
1162,2023-11-06,FESTIVO,Lunes,0,45,11
1163,2023-11-07,NO FESTIVO,Martes,0,45,11
1164,2023-11-08,NO FESTIVO,Miércoles,0,45,11
1165,2023-11-09,NO FESTIVO,Jueves,0,45,11
1166,2023-11-10,NO FESTIVO,Viernes,0,45,11
1167,2023-11-11,NO FESTIVO,Sábado,0,45,11
1168,2023-11-12,NO FESTIVO,Domingo,0,46,11
1169,2023-11-13,FESTIVO,Lunes,0,46,11
1170,2023-11-14,NO FESTIVO,Martes,0,46,11
1171,2023-11-15,NO FESTIVO,Miércoles,1,46,11
1172,2023-11-16,NO FESTIVO,Jueves,0,46,11
1173,2023-11-17,NO FESTIVO,Viernes,0,46,11
1174,2023-11-18,NO FESTIVO,Sábado,0,46,11
1175,2023-11-19,NO FESTIVO,Domingo,0,47,11
1176,2023-11-20,NO FESTIVO,Lunes,0,47,11
1177,2023-11-21,NO FESTIVO,Martes,0,47,11
1178,2023-11-22,NO FESTIVO,Miércoles,0,47,11
1179,2023-11-23,NO FESTIVO,Jueves,0,47,11
1180,2023-11-24,NO FESTIVO,Viernes,0,47,11
1181,2023-11-25,NO FESTIVO,Sábado,0,47,11
1182,2023-11-26,NO FESTIVO,Domingo,0,48,11
1183,2023-11-27,NO FESTIVO,Lunes,0,48,11
1184,2023-11-28,NO FESTIVO,Martes,0,48,11
1185,2023-11-29,NO FESTIVO,Miércoles,0,48,11
1186,2023-11-30,NO FESTIVO,Jueves,1,48,11
1187,2023-12-01,NO FESTIVO,Viernes,0,48,12
1188,2023-12-02,NO FESTIVO,Sábado,0,48,12
1189,2023-12-03,NO FESTIVO,Domingo,0,49,12
1190,2023-12-04,NO FESTIVO,Lunes,0,49,12
1191,2023-12-05,NO FESTIVO,Martes,0,49,12
1192,2023-12-06,NO FESTIVO,Miércoles,0,49,12
1193,2023-12-07,NO FESTIVO,Jueves,0,49,12
1194,2023-12-08,FESTIVO,Viernes,0,49,12
1195,2023-12-09,NO FESTIVO,Sábado,0,49,12
1196,2023-12-10,NO FESTIVO,Domingo,0,50,12
1197,2023-12-11,NO FESTIVO,Lunes,0,50,12
1198,2023-12-12,NO FESTIVO,Martes,0,50,12
1199,2023-12-13,NO FESTIVO,Miércoles,0,50,12
1200,2023-12-14,NO FESTIVO,Jueves,0,50,12
1201,2023-12-15,NO FESTIVO,Viernes,1,50,12
1202,2023-12-16,NO FESTIVO,Sábado,0,50,12
1203,2023-12-17,NO FESTIVO,Domingo,0,51,12
1204,2023-12-18,NO FESTIVO,Lunes,0,51,12
1205,2023-12-19,NO FESTIVO,Martes,0,51,12
1206,2023-12-20,NO FESTIVO,Miércoles,0,51,12
1207,2023-12-21,NO FESTIVO,Jueves,0,51,12
1208,2023-12-22,NO FESTIVO,Viernes,0,51,12
1209,2023-12-23,NO FESTIVO,Sábado,0,51,12
1210,2023-12-24,NAVIDAD,Domingo,0,52,12
1211,2023-12-25,NAVIDAD,Lunes,0,52,12
1212,2023-12-26,NO FESTIVO,Martes,0,52,12
1213,2023-12-27,NO FESTIVO,Miércoles,0,52,12
1214,2023-12-28,NO FESTIVO,Jueves,0,52,12
1215,2023-12-29,NO FESTIVO,Viernes,0,52,12
1216,2023-12-30,NO FESTIVO,Sábado,1,52,12
1217,2023-12-31,NAVIDAD,Domingo,1,53,12
1218,2024-01-01,A_NUEVO,Lunes,0,00,01
1219,2024-01-02,NO FESTIVO,Martes,0,00,01
1220,2024-01-03,NO FESTIVO,Miércoles,0,00,01
1221,2024-01-04,NO FESTIVO,Jueves,0,00,01
1222,2024-01-05,NO FESTIVO,Viernes,0,00,01
1223,2024-01-06,NO FESTIVO,Sábado,0,00,01
1224,2024-01-07,NO FESTIVO,Domingo,0,01,01
1225,2024-01-08,FESTIVO,Lunes,0,01,01
1226,2024-01-09,NO FESTIVO,Martes,0,01,01
1227,2024-01-10,NO FESTIVO,Miércoles,0,01,01
1228,2024-01-11,NO FESTIVO,Jueves,0,01,01
1229,2024-01-12,NO FESTIVO,Viernes,0,01,01
1230,2024-01-13,NO FESTIVO,Sábado,0,01,01
1231,2024-01-14,NO FESTIVO,Domingo,0,02,01
1232,2024-01-15,NO FESTIVO,Lunes,1,02,01
1233,2024-01-16,NO FESTIVO,Martes,0,02,01
1234,2024-01-17,NO FESTIVO,Miércoles,0,02,01
1235,2024-01-18,NO FESTIVO,Jueves,0,02,01
1236,2024-01-19,NO FESTIVO,Viernes,0,02,01
1237,2024-01-20,NO FESTIVO,Sábado,0,02,01
1238,2024-01-21,NO FESTIVO,Domingo,0,03,01
1239,2024-01-22,NO FESTIVO,Lunes,0,03,01
1240,2024-01-23,NO FESTIVO,Martes,0,03,01
1241,2024-01-24,NO FESTIVO,Miércoles,0,03,01
1242,2024-01-25,NO FESTIVO,Jueves,0,03,01
1243,2024-01-26,NO FESTIVO,Viernes,0,03,01
1244,2024-01-27,NO FESTIVO,Sábado,0,03,01
1245,2024-01-28,NO FESTIVO,Domingo,0,04,01
1246,2024-01-29,NO FESTIVO,Lunes,0,04,01
1247,2024-01-30,NO FESTIVO,Martes,1,04,01
1248,2024-01-31,NO FESTIVO,Miércoles,1,04,01
1249,2024-02-01,NO FESTIVO,Jueves,0,04,02
1250,2024-02-02,NO FESTIVO,Viernes,0,04,02
1251,2024-02-03,NO FESTIVO,Sábado,0,04,02
1252,2024-02-04,NO FESTIVO,Domingo,0,05,02
1253,2024-02-05,NO FESTIVO,Lunes,0,05,02
1254,2024-02-06,NO FESTIVO,Martes,0,05,02
1255,2024-02-07,NO FESTIVO,Miércoles,0,05,02
1256,2024-02-08,NO FESTIVO,Jueves,0,05,02
1257,2024-02-09,NO FESTIVO,Viernes,0,05,02
1258,2024-02-10,NO FESTIVO,Sábado,0,05,02
1259,2024-02-11,NO FESTIVO,Domingo,0,06,02
1260,2024-02-12,NO FESTIVO,Lunes,0,06,02
1261,2024-02-13,NO FESTIVO,Martes,0,06,02
1262,2024-02-14,NO FESTIVO,Miércoles,0,06,02
1263,2024-02-15,NO FESTIVO,Jueves,1,06,02
1264,2024-02-16,NO FESTIVO,Viernes,0,06,02
1265,2024-02-17,NO FESTIVO,Sábado,0,06,02
1266,2024-02-18,NO FESTIVO,Domingo,0,07,02
1267,2024-02-19,NO FESTIVO,Lunes,0,07,02
1268,2024-02-20,NO FESTIVO,Martes,0,07,02
1269,2024-02-21,NO FESTIVO,Miércoles,0,07,02
1270,2024-02-22,NO FESTIVO,Jueves,0,07,02
1271,2024-02-23,NO FESTIVO,Viernes,0,07,02
1272,2024-02-24,NO FESTIVO,Sábado,0,07,02
1273,2024-02-25,NO FESTIVO,Domingo,0,08,02
1274,2024-02-26,NO FESTIVO,Lunes,0,08,02
1275,2024-02-27,NO FESTIVO,Martes,0,08,02
1276,2024-02-28,NO FESTIVO,Miércoles,0,08,02
1277,2024-02-29,NO FESTIVO,Jueves,0,08,02
1278,2024-03-01,NO FESTIVO,Viernes,0,08,03
1279,2024-03-02,NO FESTIVO,Sábado,0,08,03
1280,2024-03-03,NO FESTIVO,Domingo,0,09,03
1281,2024-03-04,NO FESTIVO,Lunes,0,09,03
1282,2024-03-05,NO FESTIVO,Martes,0,09,03
1283,2024-03-06,NO FESTIVO,Miércoles,0,09,03
1284,2024-03-07,NO FESTIVO,Jueves,0,09,03
1285,2024-03-08,NO FESTIVO,Viernes,0,09,03
1286,2024-03-09,NO FESTIVO,Sábado,0,09,03
1287,2024-03-10,NO FESTIVO,Domingo,0,10,03
1288,2024-03-11,NO FESTIVO,Lunes,0,10,03
1289,2024-03-12,NO FESTIVO,Martes,0,10,03
1290,2024-03-13,NO FESTIVO,Miércoles,0,10,03
1291,2024-03-14,NO FESTIVO,Jueves,0,10,03
1292,2024-03-15,NO FESTIVO,Viernes,1,10,03
1293,2024-03-16,NO FESTIVO,Sábado,0,10,03
1294,2024-03-17,NO FESTIVO,Domingo,0,11,03
1295,2024-03-18,NO FESTIVO,Lunes,0,11,03
1296,2024-03-19,NO FESTIVO,Martes,0,11,03
1297,2024-03-20,NO FESTIVO,Miércoles,0,11,03
1298,2024-03-21,NO FESTIVO,Jueves,0,11,03
1299,2024-03-22,NO FESTIVO,Viernes,0,11,03
1300,2024-03-23,NO FESTIVO,Sábado,0,11,03
1301,2024-03-24,SEM_SANTA,Domingo,0,12,03
1302,2024-03-25,SEM_SANTA,Lunes,0,12,03
1303,2024-03-26,SEM_SANTA,Martes,0,12,03
1304,2024-03-27,SEM_SANTA,Miércoles,0,12,03
1305,2024-03-28,SEM_SANTA,Jueves,0,12,03
1306,2024-03-29,SEM_SANTA,Viernes,0,12,03
1307,2024-03-30,SEM_SANTA,Sábado,1,12,03
1308,2024-03-31,SEM_SANTA,Domingo,1,13,03
1309,2024-04-01,NO FESTIVO,Lunes,0,13,04
1310,2024-04-02,NO FESTIVO,Martes,0,13,04
1311,2024-04-03,NO FESTIVO,Miércoles,0,13,04
1312,2024-04-04,NO FESTIVO,Jueves,0,13,04
1313,2024-04-05,NO FESTIVO,Viernes,0,13,04
1314,2024-04-06,NO FESTIVO,Sábado,0,13,04
1315,2024-04-07,NO FESTIVO,Domingo,0,14,04
1316,2024-04-08,NO FESTIVO,Lunes,0,14,04
1317,2024-04-09,NO FESTIVO,Martes,0,14,04
1318,2024-04-10,NO FESTIVO,Miércoles,0,14,04
1319,2024-04-11,NO FESTIVO,Jueves,0,14,04
1320,2024-04-12,NO FESTIVO,Viernes,0,14,04
1321,2024-04-13,NO FESTIVO,Sábado,0,14,04
1322,2024-04-14,NO FESTIVO,Domingo,0,15,04
1323,2024-04-15,NO FESTIVO,Lunes,1,15,04
1324,2024-04-16,NO FESTIVO,Martes,0,15,04
1325,2024-04-17,NO FESTIVO,Miércoles,0,15,04
1326,2024-04-18,NO FESTIVO,Jueves,0,15,04
1327,2024-04-19,NO FESTIVO,Viernes,0,15,04
1328,2024-04-20,NO FESTIVO,Sábado,0,15,04
1329,2024-04-21,NO FESTIVO,Domingo,0,16,04
1330,2024-04-22,NO FESTIVO,Lunes,0,16,04
1331,2024-04-23,NO FESTIVO,Martes,0,16,04
1332,2024-04-24,NO FESTIVO,Miércoles,0,16,04
1333,2024-04-25,NO FESTIVO,Jueves,0,16,04
1334,2024-04-26,NO FESTIVO,Viernes,0,16,04
1335,2024-04-27,NO FESTIVO,Sábado,0,16,04
1336,2024-04-28,NO FESTIVO,Domingo,0,17,04
1337,2024-04-29,NO FESTIVO,Lunes,0,17,04
1338,2024-04-30,NO FESTIVO,Martes,1,17,04
1339,2024-05-01,FESTIVO,Miércoles,0,17,05
1340,2024-05-02,NO FESTIVO,Jueves,0,17,05
1341,2024-05-03,NO FESTIVO,Viernes,0,17,05
1342,2024-05-04,NO FESTIVO,Sábado,0,17,05
1343,2024-05-05,NO FESTIVO,Domingo,0,18,05
1344,2024-05-06,NO FESTIVO,Lunes,0,18,05
1345,2024-05-07,NO FESTIVO,Martes,0,18,05
1346,2024-05-08,NO FESTIVO,Miércoles,0,18,05
1347,2024-05-09,NO FESTIVO,Jueves,0,18,05
1348,2024-05-10,NO FESTIVO,Viernes,0,18,05
1349,2024-05-11,NO FESTIVO,Sábado,0,18,05
1350,2024-05-12,MADRES,Domingo,0,19,05
1351,2024-05-13,FESTIVO,Lunes,0,19,05
1352,2024-05-14,NO FESTIVO,Martes,0,19,05
1353,2024-05-15,NO FESTIVO,Miércoles,1,19,05
1354,2024-05-16,NO FESTIVO,Jueves,0,19,05
1355,2024-05-17,NO FESTIVO,Viernes,0,19,05
1356,2024-05-18,NO FESTIVO,Sábado,0,19,05
1357,2024-05-19,NO FESTIVO,Domingo,0,20,05
1358,2024-05-20,NO FESTIVO,Lunes,0,20,05
1359,2024-05-21,NO FESTIVO,Martes,0,20,05
1360,2024-05-22,NO FESTIVO,Miércoles,0,20,05
1361,2024-05-23,NO FESTIVO,Jueves,0,20,05
1362,2024-05-24,NO FESTIVO,Viernes,0,20,05
1363,2024-05-25,NO FESTIVO,Sábado,0,20,05
1364,2024-05-26,NO FESTIVO,Domingo,0,21,05
1365,2024-05-27,NO FESTIVO,Lunes,0,21,05
1366,2024-05-28,NO FESTIVO,Martes,0,21,05
1367,2024-05-29,NO FESTIVO,Miércoles,0,21,05
1368,2024-05-30,NO FESTIVO,Jueves,1,21,05
1369,2024-05-31,NO FESTIVO,Viernes,1,21,05
1370,2024-06-01,NO FESTIVO,Sábado,0,21,06
1371,2024-06-02,NO FESTIVO,Domingo,0,22,06
1372,2024-06-03,FESTIVO,Lunes,0,22,06
1373,2024-06-04,NO FESTIVO,Martes,0,22,06
1374,2024-06-05,NO FESTIVO,Miércoles,0,22,06
1375,2024-06-06,NO FESTIVO,Jueves,0,22,06
1376,2024-06-07,NO FESTIVO,Viernes,0,22,06
1377,2024-06-08,NO FESTIVO,Sábado,0,22,06
1378,2024-06-09,NO FESTIVO,Domingo,0,23,06
1379,2024-06-10,FESTIVO,Lunes,0,23,06
1380,2024-06-11,NO FESTIVO,Martes,0,23,06
1381,2024-06-12,NO FESTIVO,Miércoles,0,23,06
1382,2024-06-13,NO FESTIVO,Jueves,0,23,06
1383,2024-06-14,NO FESTIVO,Viernes,0,23,06
1384,2024-06-15,NO FESTIVO,Sábado,1,23,06
1385,2024-06-16,NO FESTIVO,Domingo,0,24,06
1386,2024-06-17,NO FESTIVO,Lunes,0,24,06
1387,2024-06-18,NO FESTIVO,Martes,0,24,06
1388,2024-06-19,NO FESTIVO,Miércoles,0,24,06
1389,2024-06-20,NO FESTIVO,Jueves,0,24,06
1390,2024-06-21,NO FESTIVO,Viernes,0,24,06
1391,2024-06-22,NO FESTIVO,Sábado,0,24,06
1392,2024-06-23,NO FESTIVO,Domingo,0,25,06
1393,2024-06-24,NO FESTIVO,Lunes,0,25,06
1394,2024-06-25,NO FESTIVO,Martes,0,25,06
1395,2024-06-26,NO FESTIVO,Miércoles,0,25,06
1396,2024-06-27,NO FESTIVO,Jueves,0,25,06
1397,2024-06-28,NO FESTIVO,Viernes,0,25,06
1398,2024-06-29,NO FESTIVO,Sábado,0,25,06
1399,2024-06-30,NO FESTIVO,Domingo,1,26,06
1400,2024-07-01,FESTIVO,Lunes,0,26,07
1401,2024-07-02,NO FESTIVO,Martes,0,26,07
1402,2024-07-03,NO FESTIVO,Miércoles,0,26,07
1403,2024-07-04,NO FESTIVO,Jueves,0,26,07
1404,2024-07-05,NO FESTIVO,Viernes,0,26,07
1405,2024-07-06,NO FESTIVO,Sábado,0,26,07
1406,2024-07-07,NO FESTIVO,Domingo,0,27,07
1407,2024-07-08,NO FESTIVO,Lunes,0,27,07
1408,2024-07-09,NO FESTIVO,Martes,0,27,07
1409,2024-07-10,NO FESTIVO,Miércoles,0,27,07
1410,2024-07-11,NO FESTIVO,Jueves,0,27,07
1411,2024-07-12,NO FESTIVO,Viernes,0,27,07
1412,2024-07-13,NO FESTIVO,Sábado,0,27,07
1413,2024-07-14,NO FESTIVO,Domingo,0,28,07
1414,2024-07-15,NO FESTIVO,Lunes,1,28,07
1415,2024-07-16,NO FESTIVO,Martes,0,28,07
1416,2024-07-17,NO FESTIVO,Miércoles,0,28,07
1417,2024-07-18,NO FESTIVO,Jueves,0,28,07
1418,2024-07-19,NO FESTIVO,Viernes,0,28,07
1419,2024-07-20,FESTIVO,Sábado,0,28,07
1420,2024-07-21,NO FESTIVO,Domingo,0,29,07
1421,2024-07-22,NO FESTIVO,Lunes,0,29,07
1422,2024-07-23,NO FESTIVO,Martes,0,29,07
1423,2024-07-24,NO FESTIVO,Miércoles,0,29,07
1424,2024-07-25,NO FESTIVO,Jueves,0,29,07
1425,2024-07-26,NO FESTIVO,Viernes,0,29,07
1426,2024-07-27,NO FESTIVO,Sábado,0,29,07
1427,2024-07-28,NO FESTIVO,Domingo,0,30,07
1428,2024-07-29,NO FESTIVO,Lunes,0,30,07
1429,2024-07-30,NO FESTIVO,Martes,1,30,07
1430,2024-07-31,NO FESTIVO,Miércoles,1,30,07
1431,2024-08-01,NO FESTIVO,Jueves,0,30,08
1432,2024-08-02,NO FESTIVO,Viernes,0,30,08
1433,2024-08-03,NO FESTIVO,Sábado,0,30,08
1434,2024-08-04,NO FESTIVO,Domingo,0,31,08
1435,2024-08-05,NO FESTIVO,Lunes,0,31,08
1436,2024-08-06,NO FESTIVO,Martes,0,31,08
1437,2024-08-07,FESTIVO,Miércoles,0,31,08
1438,2024-08-08,NO FESTIVO,Jueves,0,31,08
1439,2024-08-09,NO FESTIVO,Viernes,0,31,08
1440,2024-08-10,NO FESTIVO,Sábado,0,31,08
1441,2024-08-11,NO FESTIVO,Domingo,0,32,08
1442,2024-08-12,NO FESTIVO,Lunes,0,32,08
1443,2024-08-13,NO FESTIVO,Martes,0,32,08
1444,2024-08-14,NO FESTIVO,Miércoles,0,32,08
1445,2024-08-15,NO FESTIVO,Jueves,1,32,08
1446,2024-08-16,NO FESTIVO,Viernes,0,32,08
1447,2024-08-17,NO FESTIVO,Sábado,0,32,08
1448,2024-08-18,NO FESTIVO,Domingo,0,33,08
1449,2024-08-19,FESTIVO,Lunes,0,33,08
1450,2024-08-20,NO FESTIVO,Martes,0,33,08
1451,2024-08-21,NO FESTIVO,Miércoles,0,33,08
1452,2024-08-22,NO FESTIVO,Jueves,0,33,08
1453,2024-08-23,NO FESTIVO,Viernes,0,33,08
1454,2024-08-24,NO FESTIVO,Sábado,0,33,08
1455,2024-08-25,NO FESTIVO,Domingo,0,34,08
1456,2024-08-26,NO FESTIVO,Lunes,0,34,08
1457,2024-08-27,NO FESTIVO,Martes,0,34,08
1458,2024-08-28,NO FESTIVO,Miércoles,0,34,08
1459,2024-08-29,NO FESTIVO,Jueves,0,34,08
1460,2024-08-30,NO FESTIVO,Viernes,1,34,08
1461,2024-08-31,NO FESTIVO,Sábado,1,34,08
1462,2024-09-01,NO FESTIVO,Domingo,0,35,09
1463,2024-09-02,NO FESTIVO,Lunes,0,35,09
1464,2024-09-03,NO FESTIVO,Martes,0,35,09
1465,2024-09-04,NO FESTIVO,Miércoles,0,35,09
1466,2024-09-05,NO FESTIVO,Jueves,0,35,09
1467,2024-09-06,NO FESTIVO,Viernes,0,35,09
1468,2024-09-07,NO FESTIVO,Sábado,0,35,09
1469,2024-09-08,NO FESTIVO,Domingo,0,36,09
1470,2024-09-09,NO FESTIVO,Lunes,0,36,09
1471,2024-09-10,NO FESTIVO,Martes,0,36,09
1472,2024-09-11,NO FESTIVO,Miércoles,0,36,09
1473,2024-09-12,NO FESTIVO,Jueves,0,36,09
1474,2024-09-13,NO FESTIVO,Viernes,0,36,09
1475,2024-09-14,NO FESTIVO,Sábado,0,36,09
1476,2024-09-15,NO FESTIVO,Domingo,1,37,09
1477,2024-09-16,NO FESTIVO,Lunes,0,37,09
1478,2024-09-17,NO FESTIVO,Martes,0,37,09
1479,2024-09-18,NO FESTIVO,Miércoles,0,37,09
1480,2024-09-19,NO FESTIVO,Jueves,0,37,09
1481,2024-09-20,NO FESTIVO,Viernes,0,37,09
1482,2024-09-21,NO FESTIVO,Sábado,0,37,09
1483,2024-09-22,NO FESTIVO,Domingo,0,38,09
1484,2024-09-23,NO FESTIVO,Lunes,0,38,09
1485,2024-09-24,NO FESTIVO,Martes,0,38,09
1486,2024-09-25,NO FESTIVO,Miércoles,0,38,09
1487,2024-09-26,NO FESTIVO,Jueves,0,38,09
1488,2024-09-27,NO FESTIVO,Viernes,0,38,09
1489,2024-09-28,NO FESTIVO,Sábado,0,38,09
1490,2024-09-29,NO FESTIVO,Domingo,0,39,09
1491,2024-09-30,NO FESTIVO,Lunes,1,39,09
1492,2024-10-01,NO FESTIVO,Martes,0,39,10
1493,2024-10-02,NO FESTIVO,Miércoles,0,39,10
1494,2024-10-03,NO FESTIVO,Jueves,0,39,10
1495,2024-10-04,NO FESTIVO,Viernes,0,39,10
1496,2024-10-05,NO FESTIVO,Sábado,0,39,10
1497,2024-10-06,NO FESTIVO,Domingo,0,40,10
1498,2024-10-07,NO FESTIVO,Lunes,0,40,10
1499,2024-10-08,NO FESTIVO,Martes,0,40,10
1500,2024-10-09,NO FESTIVO,Miércoles,0,40,10
1501,2024-10-10,NO FESTIVO,Jueves,0,40,10
1502,2024-10-11,NO FESTIVO,Viernes,0,40,10
1503,2024-10-12,NO FESTIVO,Sábado,0,40,10
1504,2024-10-13,NO FESTIVO,Domingo,0,41,10
1505,2024-10-14,FESTIVO,Lunes,0,41,10
1506,2024-10-15,NO FESTIVO,Martes,1,41,10
1507,2024-10-16,NO FESTIVO,Miércoles,0,41,10
1508,2024-10-17,NO FESTIVO,Jueves,0,41,10
1509,2024-10-18,NO FESTIVO,Viernes,0,41,10
1510,2024-10-19,NO FESTIVO,Sábado,0,41,10
1511,2024-10-20,NO FESTIVO,Domingo,0,42,10
1512,2024-10-21,NO FESTIVO,Lunes,0,42,10
1513,2024-10-22,NO FESTIVO,Martes,0,42,10
1514,2024-10-23,NO FESTIVO,Miércoles,0,42,10
1515,2024-10-24,NO FESTIVO,Jueves,0,42,10
1516,2024-10-25,NO FESTIVO,Viernes,0,42,10
1517,2024-10-26,NO FESTIVO,Sábado,0,42,10
1518,2024-10-27,NO FESTIVO,Domingo,0,43,10
1519,2024-10-28,NO FESTIVO,Lunes,0,43,10
1520,2024-10-29,NO FESTIVO,Martes,0,43,10
1521,2024-10-30,NO FESTIVO,Miércoles,1,43,10
1522,2024-10-31,BRUJAS,Jueves,1,43,10
1523,2024-11-01,NO FESTIVO,Viernes,0,43,11
1524,2024-11-02,NO FESTIVO,Sábado,0,43,11
1525,2024-11-03,NO FESTIVO,Domingo,0,44,11
1526,2024-11-04,FESTIVO,Lunes,0,44,11
1527,2024-11-05,NO FESTIVO,Martes,0,44,11
1528,2024-11-06,NO FESTIVO,Miércoles,0,44,11
1529,2024-11-07,NO FESTIVO,Jueves,0,44,11
1530,2024-11-08,NO FESTIVO,Viernes,0,44,11
1531,2024-11-09,NO FESTIVO,Sábado,0,44,11
1532,2024-11-10,NO FESTIVO,Domingo,0,45,11
1533,2024-11-11,FESTIVO,Lunes,0,45,11
1534,2024-11-12,NO FESTIVO,Martes,0,45,11
1535,2024-11-13,NO FESTIVO,Miércoles,0,45,11
1536,2024-11-14,NO FESTIVO,Jueves,0,45,11
1537,2024-11-15,NO FESTIVO,Viernes,1,45,11
1538,2024-11-16,NO FESTIVO,Sábado,0,45,11
1539,2024-11-17,NO FESTIVO,Domingo,0,46,11
1540,2024-11-18,NO FESTIVO,Lunes,0,46,11
1541,2024-11-19,NO FESTIVO,Martes,0,46,11
1542,2024-11-20,NO FESTIVO,Miércoles,0,46,11
1543,2024-11-21,NO FESTIVO,Jueves,0,46,11
1544,2024-11-22,NO FESTIVO,Viernes,0,46,11
1545,2024-11-23,NO FESTIVO,Sábado,0,46,11
1546,2024-11-24,NO FESTIVO,Domingo,0,47,11
1547,2024-11-25,NO FESTIVO,Lunes,0,47,11
1548,2024-11-26,NO FESTIVO,Martes,0,47,11
1549,2024-11-27,NO FESTIVO,Miércoles,0,47,11
1550,2024-11-28,NO FESTIVO,Jueves,0,47,11
1551,2024-11-29,NO FESTIVO,Viernes,0,47,11
1552,2024-11-30,NO FESTIVO,Sábado,1,47,11
1553,2024-12-01,NO FESTIVO,Domingo,0,48,12
1554,2024-12-02,NO FESTIVO,Lunes,0,48,12
1555,2024-12-03,NO FESTIVO,Martes,0,48,12
1556,2024-12-04,NO FESTIVO,Miércoles,0,48,12
1557,2024-12-05,NO FESTIVO,Jueves,0,48,12
1558,2024-12-06,NO FESTIVO,Viernes,0,48,12
1559,2024-12-07,NO FESTIVO,Sábado,0,48,12
1560,2024-12-08,FESTIVO,Domingo,0,49,12
1561,2024-12-09,NO FESTIVO,Lunes,0,49,12
1562,2024-12-10,NO FESTIVO,Martes,0,49,12
1563,2024-12-11,NO FESTIVO,Miércoles,0,49,12
1564,2024-12-12,NO FESTIVO,Jueves,0,49,12
1565,2024-12-13,NO FESTIVO,Viernes,0,49,12
1566,2024-12-14,NO FESTIVO,Sábado,0,49,12
1567,2024-12-15,NO FESTIVO,Domingo,1,50,12
1568,2024-12-16,NO FESTIVO,Lunes,0,50,12
1569,2024-12-17,NO FESTIVO,Martes,0,50,12
1570,2024-12-18,NO FESTIVO,Miércoles,0,50,12
1571,2024-12-19,NO FESTIVO,Jueves,0,50,12
1572,2024-12-20,NO FESTIVO,Viernes,0,50,12
1573,2024-12-21,NO FESTIVO,Sábado,0,50,12
1574,2024-12-22,NO FESTIVO,Domingo,0,51,12
1575,2024-12-23,NO FESTIVO,Lunes,0,51,12
1576,2024-12-24,NAVIDAD,Martes,0,51,12
1577,2024-12-25,NAVIDAD,Miércoles,0,51,12
1578,2024-12-26,NO FESTIVO,Jueves,0,51,12
1579,2024-12-27,NO FESTIVO,Viernes,0,51,12
1580,2024-12-28,NO FESTIVO,Sábado,0,51,12
1581,2024-12-29,NO FESTIVO,Domingo,0,52,12
1582,2024-12-30,NO FESTIVO,Lunes,1,52,12
1583,2024-12-31,NAVIDAD,Martes,1,52,12
